[{"_rollNo": "20911003", "_location": "", "_industry": "", "_profileLink": "https://in.linkedin.com/in/kunal-poddar-22a5b925", "_name": "", "_eduList": [], "_designation": ""}, {"_rollNo": "20911009"}, {"_rollNo": "20911017"}, {"_rollNo": "20911018"}, {"_rollNo": "20911019"}, {"_rollNo": "20911020"}, {"_rollNo": "20911021", "_location": "", "_industry": "", "_profileLink": "https://uk.linkedin.com/in/aanchal-karnwal-7a2b9010", "_name": "", "_eduList": [], "_designation": ""}, {"_rollNo": "20911022", "_location": "", "_industry": "", "_profileLink": "https://in.linkedin.com/in/aniket-tiwari-a93a565a", "_name": "", "_eduList": [], "_designation": ""}, {"_rollNo": "20911031", "_location": "", "_industry": "", "_profileLink": "https://sg.linkedin.com/in/anwesh-maity-78188720", "_name": "", "_eduList": [], "_designation": ""}, {"_rollNo": "20911037", "_location": "", "_industry": "", "_profileLink": "https://ae.linkedin.com/in/ashwin-shenoy-b4700216", "_name": "", "_eduList": [], "_designation": ""}, {"_rollNo": "20911038"}, {"_rollNo": "20911039", "_location": "San Francisco, California", "_industry": "Information Technology and Services", "_profileLink": "https://www.linkedin.com/in/manumi", "_name": "MANU MISHRA", "_eduList": [{"_major": "IT (Computer Science)", "_degree": "BACHELOR OF ENGINEERING, ", "_date": "2002 - 2006", "_instituteName": "Manipal Institute of Technology"}, {"_major": "Computer Software Engineering", "_date": "2015 - 2015", "_instituteName": "Hack Reactor"}, {"_major": "Artificial Intelligence", "_degree": "Computer software, ", "_date": "", "_instituteName": "Georgia Tech online"}], "_company": [{"company": "Qualcomm"}], "_designation": "Experienced Mobile / Web Software Engineer"}, {"_rollNo": "20911044"}, {"_rollNo": "20911045", "_location": "Chicago, Illinois", "_industry": "Information Technology and Services", "_profileLink": "https://www.linkedin.com/in/varunverma2908", "_name": "Varun Verma", "_eduList": [{"_major": "Marketing and Supply Chain Management", "_degree": "MBA, ", "_date": "2010 - 2012", "_instituteName": "Penn State University"}, {"_major": "Information Technology", "_degree": "Bachelors of Engineering, ", "_date": "2002 - 2006", "_instituteName": "Manipal Institute of Technology"}, {"_major": "Science", "_degree": "High School, ", "_date": "1989 - 2002", "_instituteName": "Mount St Mary's School, Parade Road, Delhi Cantt"}], "_designation": "Senior Consultant at Deloitte Digital"}, {"_rollNo": "20911046", "_location": "Jersey City, New Jersey", "_industry": "Financial Services", "_profileLink": "https://www.linkedin.com/in/rohitchaubey", "_name": "Rohit Chaubey", "_eduList": [{"_major": "Information Technology", "_degree": "B.E, ", "_date": "2002 - 2006", "_instituteName": "Manipal Institute of Technology"}], "_company": [{"company": "Broadridge Financial Solutions"}], "_designation": "Senior Technical Consultant at Broadridge"}, {"_rollNo": "20911049", "_location": "Santa Clara, California", "_industry": "Information Technology and Services", "_profileLink": "https://www.linkedin.com/in/roystond", "_name": "Royston DSouza", "_eduList": [{"_major": "Information Technology", "_degree": "BE, ", "_date": "2002 - 2006", "_instituteName": "Manipal Institute of Technology"}, {"_major": "Information Technology", "_degree": "Bachelor of Engineering (B.E.), ", "_date": "2002 - 2006", "_instituteName": "Manipal Institute of Technology"}], "_company": [{"company": "Apple Inc."}], "_designation": "Solutions Architect"}, {"_rollNo": "20911051", "_location": "", "_industry": "", "_profileLink": "https://in.linkedin.com/in/mayank-agarwal-%E2%98%81-58b3335", "_name": "", "_eduList": [], "_designation": ""}, {"_rollNo": "20911053"}, {"_rollNo": "20911055", "_location": "Greater Atlanta Area", "_industry": "Management Consulting", "_profileLink": "https://www.linkedin.com/in/pranjalvir", "_name": "Pranjal Vir", "_eduList": [{"_major": "Strategy and Finance", "_degree": "MBA, ", "_date": "2009 - 2011", "_instituteName": "Emory University - Goizueta Business School"}, {"_major": "Information Technology", "_degree": "B.E., ", "_date": "2002 - 2006", "_instituteName": "Manipal Academy of Higher Education"}], "_company": [{"company": "EY"}], "_designation": "Management Consultant"}, {"_rollNo": "20911056"}, {"_rollNo": "20911057", "_location": "", "_industry": "", "_profileLink": "https://fr.linkedin.com/in/vikas-patney-38317b13", "_name": "", "_eduList": [], "_designation": ""}, {"_rollNo": "20911058", "_location": "", "_industry": "", "_profileLink": "https://in.linkedin.com/in/anubhav-jain-2a536812", "_name": "", "_eduList": [], "_designation": ""}, {"_rollNo": "20911060"}, {"_rollNo": "20911064"}, {"_rollNo": "20911065"}, {"_rollNo": "20911066", "_location": "", "_industry": "", "_profileLink": "https://in.linkedin.com/in/payal-dey-49916115", "_name": "", "_eduList": [], "_designation": ""}, {"_rollNo": "20911067"}, {"_rollNo": "20911068", "_location": "", "_industry": "", "_profileLink": "https://in.linkedin.com/in/aroravishesh", "_name": "", "_eduList": [], "_designation": ""}, {"_rollNo": "20911069", "_location": "", "_industry": "", "_profileLink": "https://in.linkedin.com/in/manipal", "_name": "", "_eduList": [], "_designation": ""}, {"_rollNo": "20911070", "_location": "", "_industry": "", "_profileLink": "https://in.linkedin.com/in/ayush-kedia-96523ba", "_name": "", "_eduList": [], "_designation": ""}, {"_rollNo": "20911071", "_location": "Greater Chicago Area", "_industry": "Information Technology and Services", "_profileLink": "https://www.linkedin.com/in/anita-kumari-pmp%C2%AE-b0030472", "_name": "Anita Kumari, PMP\u00ae", "_eduList": [{"_major": "Information Technology", "_degree": "Bachelor of Engineering (B.E.), ", "_date": "2002 - 2006", "_instituteName": "Manipal Institute of Technology"}, {"_major": "Maths, Science, English", "_degree": "xth, xiith - CBSE, ", "_date": "1999 - 2002", "_instituteName": "Holy Mission High School"}, {"_date": "", "_instituteName": "Project Management Academy"}], "_designation": "Technology Lead at Infosys"}, {"_rollNo": "20911072"}, {"_rollNo": "20911073", "_location": "Jersey City, New Jersey", "_industry": "Management Consulting", "_profileLink": "https://www.linkedin.com/in/shubhra-sood-17062865", "_name": "Shubhra Sood", "_eduList": [{"_degree": "Bachelor of Engineering (BEng)", "_date": "2002 - 2006", "_instituteName": "Manipal Institute of Technology"}], "_company": [{"company": "Bank of America"}, {"company": "Accenture"}], "_designation": "Data Analyst Lead at Bank of America"}, {"_rollNo": "20911074", "_location": "", "_industry": "", "_profileLink": "https://in.linkedin.com/in/chouhei-ngamba-2565619", "_name": "", "_eduList": [], "_designation": ""}, {"_rollNo": "20911075", "_location": "New Zealand", "_industry": "Information Technology and Services", "_profileLink": "https://www.linkedin.com/in/nirnaysharma", "_name": "Nirnay Sharma", "_eduList": [{"_major": "Management Information Systems, General", "_degree": "Executive Certificate of Management @ McIntire School of Commerce, ", "_date": "2011 - 2012", "_instituteName": "University of Virginia"}, {"_major": "Information Technology", "_degree": "Bachelor of Engineering (B.E.), ", "_date": "2002 - 2006", "_instituteName": "Manipal Institute of Technology"}], "_company": [{"company": "American Express"}], "_designation": "Sr Data Architect at American Express"}, {"_rollNo": "20911076"}, {"_rollNo": "20911077", "_location": "", "_industry": "", "_profileLink": "https://in.linkedin.com/in/abhijeetmisra", "_name": "", "_eduList": [], "_designation": ""}, {"_rollNo": "20911078", "_location": "", "_industry": "", "_profileLink": "https://in.linkedin.com/in/kshailendraroy", "_name": "", "_eduList": [], "_designation": ""}, {"_rollNo": "20911079", "_location": "", "_industry": "", "_profileLink": "https://uk.linkedin.com/in/veneet-vishal-56312417", "_name": "", "_eduList": [], "_designation": ""}, {"_rollNo": "20911080", "_location": "", "_industry": "", "_profileLink": "https://in.linkedin.com/in/ishan-jha-pmp-5a20a027", "_name": "", "_eduList": [], "_designation": ""}, {"_rollNo": "20911081", "_location": "", "_industry": "", "_profileLink": "https://au.linkedin.com/in/samikhan1984", "_name": "", "_eduList": [], "_designation": ""}, {"_rollNo": "20911082", "_location": "", "_industry": "", "_profileLink": "https://in.linkedin.com/in/kumar-rohan-27134a19", "_name": "", "_eduList": [], "_designation": ""}, {"_rollNo": "20911083", "_location": "", "_industry": "", "_profileLink": "https://in.linkedin.com/in/guruprasad-shenoy-112ab153", "_name": "", "_eduList": [], "_designation": ""}, {"_rollNo": "20911084"}, {"_rollNo": "20911085", "_location": "Greater Seattle Area", "_industry": "Computer Software", "_profileLink": "https://www.linkedin.com/in/rajatphull", "_name": "Rajat Phull", "_eduList": [{"_major": "Computer Engineering", "_degree": "MS, ", "_date": "2008 - 2010", "_instituteName": "Delft University of Technology"}, {"_major": "Information and Communication Technology", "_degree": "BE, ", "_date": "2002 - 2006", "_instituteName": "Manipal Institute of Technology"}], "_designation": "System Software Engineer at NVIDIA"}, {"_rollNo": "20911086", "_location": "New York, New York", "_industry": "Financial Services", "_profileLink": "https://www.linkedin.com/in/tushar-mukherjee-77b34421", "_name": "Tushar Mukherjee", "_eduList": [{"_major": "Information science", "_degree": "BE, ", "_date": "2002 - 2006", "_instituteName": "Manipal Institute of Technology"}], "_designation": "Technical Operations Analyst at Imagine Software"}, {"_rollNo": "20911087", "_location": "", "_industry": "", "_profileLink": "https://au.linkedin.com/in/ketanbakshi1", "_name": "", "_eduList": [], "_designation": ""}, {"_rollNo": "20911088", "_location": "", "_industry": "", "_profileLink": "https://in.linkedin.com/in/tapas-kumar-mandal-25606214", "_name": "", "_eduList": [], "_designation": ""}]