[{"_rollNo": "30911005", "_location": "", "_industry": "", "_profileLink": "https://in.linkedin.com/in/nitink1985", "_name": "", "_eduList": [], "_designation": ""}, {"_rollNo": "30911014", "_location": "", "_industry": "", "_profileLink": "https://in.linkedin.com/in/pranoy-maitra-252a5751", "_name": "", "_eduList": [], "_designation": ""}, {"_rollNo": "30911023", "_location": "", "_industry": "", "_profileLink": "https://in.linkedin.com/in/debasishmahato", "_name": "", "_eduList": [], "_designation": ""}, {"_rollNo": "30911029", "_location": "", "_industry": "", "_profileLink": "https://in.linkedin.com/in/yuvika-singh-b6582244", "_name": "", "_eduList": [], "_designation": ""}, {"_rollNo": "30911030", "_location": "", "_industry": "", "_profileLink": "https://uk.linkedin.com/in/aashishsharmaprofile", "_name": "", "_eduList": [], "_designation": ""}, {"_rollNo": "30911031", "_location": "", "_industry": "", "_profileLink": "https://in.linkedin.com/in/ankush-vig-ab96307", "_name": "", "_eduList": [], "_designation": ""}, {"_rollNo": "30911032", "_location": "", "_industry": "", "_profileLink": "https://in.linkedin.com/in/anirban-adak-54a67114", "_name": "", "_eduList": [], "_designation": ""}, {"_rollNo": "30911034", "_location": "Buffalo/Niagara, New York Area", "_industry": "Information Technology and Services", "_profileLink": "https://www.linkedin.com/in/saif16", "_name": "Saif Ullah", "_eduList": [{"_major": "Management Information Systems", "_degree": "Master's degree, ", "_date": "2015 - 2016", "_instituteName": "State University of New York at Buffalo - School of Management"}, {"_major": "Information Technology", "_degree": "Bachelor of Engineering (B.E.), ", "_date": "2003 - 2007", "_instituteName": "Manipal Institute of Technology"}], "_designation": "MS MIS 2016 | SUNY - Buffalo | Actively Seeking Full Time opportunities in Cyber Security/IT Risk Advisory."}, {"_rollNo": "30911037", "_location": "", "_industry": "", "_profileLink": "https://in.linkedin.com/in/aditi-mehrotra-sahni-2141032a", "_name": "", "_eduList": [], "_designation": ""}, {"_rollNo": "30911040", "_location": "Cleveland, Ohio", "_industry": "Computer Software", "_profileLink": "https://www.linkedin.com/in/tandonrajika", "_name": "Rajika Tandon", "_eduList": [{"_major": "Computer Science & Engineering", "_degree": "Master, ", "_date": "2008 - 2011", "_instituteName": "Syracuse University"}, {"_major": "Information Technology", "_degree": "Bachelor of Engineering (B.E.), ", "_date": "2003 - 2007", "_instituteName": "Manipal Institute of Technology"}, {"_date": "", "_instituteName": "GHS & College, Allahabad"}], "_designation": "Enterprise Security Architect - Network & Cloud at GE"}, {"_rollNo": "30911042", "_location": "", "_industry": "", "_profileLink": "https://in.linkedin.com/in/pankajkr82", "_name": "", "_eduList": [], "_designation": ""}, {"_rollNo": "30911046", "_location": "", "_industry": "", "_profileLink": "https://in.linkedin.com/in/varun-kappal-23469325", "_name": "", "_eduList": [], "_designation": ""}, {"_rollNo": "30911050", "_location": "Glen Allen, Virginia", "_industry": "Information Technology and Services", "_profileLink": "https://www.linkedin.com/in/gunja-khemka-9272196", "_name": "Gunja Khemka", "_eduList": [{"_major": "Information Technology", "_degree": "Bachelor's Degree, ", "_date": "2003 - 2007", "_instituteName": "Manipal Institute of Technology"}, {"_major": "Science & Computer Science", "_degree": "ISCE, ", "_date": "2000 - 2002", "_instituteName": "Agrasain Balika Sikhsha Sadan , Howrah"}], "_company": [{"company": "Magellan Health Services"}], "_designation": "Programmer Analyst at Magellan Health"}, {"_rollNo": "30911055", "_location": "Portland, Oregon Area", "_industry": "Information Technology and Services", "_profileLink": "https://www.linkedin.com/in/deoraj-alok-02588a16", "_name": "Deoraj Alok", "_eduList": [{"_major": "Information Technology", "_degree": "B.E., ", "_date": "2003 - 2007", "_instituteName": "Manipal Institute of Technology"}, {"_major": "Physics, Chemistry, Mathematics", "_degree": "I.Sc., ", "_date": "2000 - 2002", "_instituteName": "B.N. College"}, {"_degree": "SSC", "_date": "1993 - 2000", "_instituteName": "Don Bosco Academy"}], "_company": [{"company": "Mentor Graphics"}], "_designation": "Sr. Basis Engineer at Mentor Graphics Corporation"}, {"_rollNo": "30911056", "_location": "", "_industry": "", "_profileLink": "https://in.linkedin.com/in/varun-gandhok-a5a82917", "_name": "", "_eduList": [], "_designation": ""}, {"_rollNo": "30911058", "_location": "Phoenix, Arizona Area", "_industry": "Information Technology and Services", "_profileLink": "https://www.linkedin.com/in/swetnisha-shrivastava-512a7136", "_name": "Swetnisha Shrivastava", "_eduList": [{"_major": "Information Technology", "_degree": "Bachelor's Degree, ", "_date": "2003 - 2007", "_instituteName": "Manipal Institute of Technology"}], "_company": [{"company": "Infosys"}], "_designation": "Technical Lead at Infosys"}, {"_rollNo": "30911061", "_location": "", "_industry": "", "_profileLink": "https://in.linkedin.com/in/gaurav1985", "_name": "", "_eduList": [], "_designation": ""}, {"_rollNo": "30911064", "_location": "", "_industry": "", "_profileLink": "https://in.linkedin.com/in/nikhil-jindal-55861317", "_name": "", "_eduList": [], "_designation": ""}, {"_rollNo": "30911066", "_location": "", "_industry": "", "_profileLink": "https://in.linkedin.com/in/mohit-tripathi-67540522", "_name": "", "_eduList": [], "_designation": ""}, {"_rollNo": "30911069", "_location": "Houston, Texas", "_industry": "Information Services", "_profileLink": "https://www.linkedin.com/in/ankit-singhania-a60a3674", "_name": "Ankit Singhania", "_eduList": [{"_major": "Information Technology", "_degree": "Bachelor of Engineering (B.E.), ", "_date": "2003 - 2007", "_instituteName": "Manipal Institute of Technology"}, {"_date": "", "_instituteName": "Delhi Public School - Vasant Kunj"}], "_company": [{"company": "Accenture"}], "_designation": "Ec Consultant at Hytracc Consulting"}, {"_rollNo": "30911071", "_location": "", "_industry": "", "_profileLink": "https://in.linkedin.com/in/vaibhav-singhal-63622527", "_name": "", "_eduList": [], "_designation": ""}, {"_rollNo": "30911073", "_location": "", "_industry": "", "_profileLink": "https://in.linkedin.com/in/abhijeet-prakash-1187558", "_name": "", "_eduList": [], "_designation": ""}, {"_rollNo": "30911075", "_location": "", "_industry": "", "_profileLink": "https://in.linkedin.com/in/aksheyjawa", "_name": "", "_eduList": [], "_designation": ""}, {"_rollNo": "30911077", "_location": "", "_industry": "", "_profileLink": "https://in.linkedin.com/in/sujithborkar", "_name": "", "_eduList": [], "_designation": ""}, {"_rollNo": "30911078", "_location": "", "_industry": "", "_profileLink": "https://in.linkedin.com/in/smriti-sood-21088321", "_name": "", "_eduList": [], "_designation": ""}, {"_rollNo": "30911079", "_location": "", "_industry": "", "_profileLink": "https://ae.linkedin.com/in/mehtaromi", "_name": "", "_eduList": [], "_designation": ""}, {"_rollNo": "30911082", "_location": "Other", "_industry": "Staffing and Recruiting", "_profileLink": "https://www.linkedin.com/in/abhishek-shukla-693ba36", "_name": "Abhishek Shukla", "_eduList": [{"_major": "Marketing & IT", "_degree": "Master of Business Administration, ", "_date": "2011 - 2012", "_instituteName": "Sikkim Manipal University"}, {"_major": "Information Technology", "_degree": "Bachelor of Engineering, ", "_date": "2003 - 2007", "_instituteName": "Manipal Institute of Technology"}, {"_major": "Information Technology", "_degree": "Engg. Diploma, ", "_date": "2001 - 2004", "_instituteName": "B.T.E.U.P."}, {"_date": "", "_instituteName": "Kendriya Vidyalaya"}], "_designation": "Division Manager at Vastika Inc"}, {"_rollNo": "30911084", "_location": "", "_industry": "", "_profileLink": "https://au.linkedin.com/in/abhay-krishan-rastogi-3694bb14", "_name": "", "_eduList": [], "_designation": ""}]