[{"_rollNo": "2KE IT240 ", "_location": "Bengaluru Area, India", "_industry": "Computer Software", "_profileLink": "https://www.linkedin.com/in/sachin-naik-9850aa6", "_name": "sachin naik", "_eduList": [{"_major": "Information Technology", "_degree": "Bachelor of Engineering (B.E.), ", "_date": "2000 - 2004", "_instituteName": "Manipal Academy of Higher Education"}, {"_major": "Information Technology", "_degree": "B.E, ", "_date": "2000 - 2004", "_instituteName": "Manipal Institute of Technology"}, {"_date": "", "_instituteName": "govt arts and science college, karwar"}], "_company": [{"company": "Intel Security"}], "_designation": "Tech Lead at Intel"}, {"_rollNo": "2KE IT541 ", "_location": "Mumbai, Maharashtra, India", "_industry": "Information Technology and Services", "_profileLink": "https://www.linkedin.com/in/vivian-vaz-d-souza-9aa41052", "_name": "Vivian Vaz D'Souza", "_eduList": [{"_major": "Information Technology", "_degree": "Bachelor of Engineering (BE), ", "_date": "2000 - 2004", "_instituteName": "Manipal Institute of Technology"}, {"_date": "", "_instituteName": "N.M.P.T"}], "_designation": "Associate Manager at Thomson Reuters"}, {"_rollNo": "2KE IT608 ", "_location": "San Francisco Bay Area", "_industry": "Computer Software", "_profileLink": "https://www.linkedin.com/in/akshatabaliga", "_name": "Akshata Baliga", "_eduList": [{"_major": "Software Engineering", "_degree": "Master of Science, ", "_date": "2008 - 2009", "_instituteName": "San Jose State University"}, {"_major": "Information Technology", "_degree": "B.E, ", "_date": "2000 - 2004", "_instituteName": "Manipal Institute of Technology"}], "_company": [{"company": "eBay"}], "_designation": "Software Engineer III"}, {"_rollNo": "2KE IT609 ", "_location": "Panipat, Haryana, India", "_industry": "Computer Software", "_profileLink": "https://www.linkedin.com/in/v-akshatha-kamath-10b6156", "_name": "V Akshatha Kamath", "_eduList": [{"_major": "Cyber Laws", "_degree": "Certificate Program in Cyber Laws, ", "_date": "2013 - 2013", "_instituteName": "Symbiosis Center for Distance Learning"}, {"_major": "IT", "_degree": "B.E, ", "_date": "2000 - 2004", "_instituteName": "Manipal Institute of Technology"}, {"_date": "", "_instituteName": "Alagappa University"}], "_company": [{"company": "home"}], "_designation": "Housewife"}, {"_rollNo": "2KE IT610 ", "_location": "Tampa, Florida", "_industry": "Computer Software", "_profileLink": "https://www.linkedin.com/in/anand-bhat-1450a67", "_name": "Anand Bhat", "_eduList": [{"_major": "Information Technology", "_degree": "Bachelor of Engineering, ", "_date": "2000 - 2004", "_instituteName": "Manipal Institute of Technology"}], "_company": [{"company": "Ariba"}], "_designation": "Principal Consultant at Ariba Inc., an SAP company"}, {"_rollNo": "2KE IT611 ", "_location": "Bengaluru Area, India", "_industry": "Information Technology and Services", "_profileLink": "https://www.linkedin.com/in/aneesh-ejjavu-a12a9228", "_name": "Aneesh Ejjavu", "_eduList": [{"_major": "Information and Comunication Technology", "_degree": "Engineer\u2019s Degree, ", "_date": "2000 - 2004", "_instituteName": "Manipal Institute of Technology"}, {"_major": "Physics, Chemistry, Maths, Computers", "_degree": "PUC, ", "_date": "1998 - 2000", "_instituteName": "St. Aloysius College"}], "_company": [{"company": "Cognizant Technology Solutions"}], "_designation": "Oracle Apps Techno-Functional Consultant"}, {"_rollNo": "2KE IT613 ", "_location": "Bengaluru, Karnataka, India", "_industry": "Information Technology and Services", "_profileLink": "https://www.linkedin.com/in/asmitha", "_name": "Asmitha Santhiar", "_eduList": [{"_major": "Information Technology", "_degree": "Bachelor of Engineering, ", "_date": "2000 - 2004", "_instituteName": "Manipal Institute of Technology"}, {"_major": "Physics, Chemistry, Mathematics and Computer Science", "_degree": "Pre-University Education, ", "_date": "1998 - 2000", "_instituteName": "Mahatma Gandhi Memorial (MGM) College, Udupi"}, {"_degree": "Secondary School Leaving Certificate", "_date": "1995 - 1998", "_instituteName": "Saint Cecily's Girls' High School (St. Cecily's), Udupi"}], "_designation": "Program and Project Manager, 11+ Years"}, {"_rollNo": "2KE IT615 ", "_location": "Las Vegas, Nevada Area", "_industry": "Computer Software", "_profileLink": "https://www.linkedin.com/in/ujwala-bhat-5ab724b", "_name": "Ujwala Bhat", "_eduList": [{"_major": "Information Technology", "_degree": "Bachelor's Degree, ", "_date": "2000 - 2004", "_instituteName": "Manipal Institute of Technology"}, {"_degree": "High School", "_date": "1998 - 2000", "_instituteName": "Walchand College"}, {"_date": "", "_instituteName": "Baroda High School,"}], "_company": [{"company": "Zappos Family of Companies"}], "_designation": "Engineering Manager at Zappos!"}, {"_rollNo": "2KE IT618 ", "_location": "Bengaluru Area, India", "_industry": "Computer Software", "_profileLink": "https://www.linkedin.com/in/dinesh-bhandarkar-pmp-0717b61a", "_name": "Dinesh Bhandarkar, PMP", "_eduList": [{"_major": "Finance", "_degree": "MBA, ", "_date": "2008 - 2010", "_instituteName": "Manipal Academy of Higher Education"}, {"_major": "Finance", "_degree": "MBA, ", "_date": "2008 - 2010", "_instituteName": "Manipal Academy of Higher Education"}, {"_major": "Information Technology", "_degree": "Bachelor of Engineering, ", "_date": "2000 - 2004", "_instituteName": "Manipal"}, {"_major": "Information Technology", "_degree": "B.E, ", "_date": "2000 - 2004", "_instituteName": "Manipal Institute of Technology"}], "_company": [{"company": "SAP Labs"}], "_designation": "Associate Architect at SAP Labs"}, {"_rollNo": "2KE IT622 ", "_location": "Bengaluru, Karnataka, India", "_industry": "Telecommunications", "_profileLink": "https://www.linkedin.com/in/harischandra-achari-4343606", "_name": "Harischandra Achari", "_eduList": [{"_major": "Information systems", "_degree": "Master of Technology (M.Tech.), ", "_date": "2014 - 2015", "_instituteName": "Birla Institute of Technology and Science, Pilani"}, {"_major": "Information Technology", "_degree": "BE, ", "_date": "2000 - 2004", "_instituteName": "Manipal Institute of Technology"}], "_company": [{"company": "Aricent Group"}], "_designation": "Senior Technical Leader"}, {"_rollNo": "2KE IT623 ", "_location": "Bengaluru, Karnataka, India", "_industry": "Information Technology and Services", "_profileLink": "https://www.linkedin.com/in/harshanand-m-v-437014104", "_name": "Harshanand M V", "_eduList": [{"_major": "Information Technology", "_degree": "Bachelor\u2019s Degree, ", "_date": "2000 - 2004", "_instituteName": "Manipal Institute of Technology"}], "_company": [{"company": "Philips"}], "_designation": "Associate Principal Engineer at EMC"}, {"_rollNo": "2KE IT625 ", "_location": "Bengaluru Area, India", "_industry": "Computer Software", "_profileLink": "https://www.linkedin.com/in/nayan-k-955b1bb", "_name": "Nayan K", "_eduList": [{"_major": "Information technology", "_degree": "BE, ", "_date": "2000 - 2004", "_instituteName": "Manipal Institute of Technology"}], "_designation": "Associate Technical Lead at First American India"}, {"_rollNo": "2KE IT626 ", "_location": "", "_industry": "", "_profileLink": "https://de.linkedin.com/in/gautamkotian", "_name": "", "_eduList": [], "_designation": ""}, {"_rollNo": "2KE IT628 ", "_location": "Las Vegas, Nevada Area", "_industry": "Computer Software", "_profileLink": "https://www.linkedin.com/in/mukeshnayak", "_name": "Mukesh Nayak", "_eduList": [{"_major": "Information Technology", "_degree": "Bachelor of Engineering (IT), ", "_date": "2000 - 2004", "_instituteName": "Manipal Institute of Technology"}], "_company": [{"company": "Scientific Games"}], "_designation": "Director, Product Development"}, {"_rollNo": "2KE IT631 ", "_location": "", "_industry": "", "_profileLink": "https://in.linkedin.com/in/partha-ponnappa-8397aa12", "_name": "", "_eduList": [], "_designation": ""}, {"_rollNo": "2KE IT632 ", "_location": "", "_industry": "", "_profileLink": "https://in.linkedin.com/in/pradeepraokr", "_name": "", "_eduList": [], "_designation": ""}, {"_rollNo": "2KE IT637 ", "_location": "Melbourne, Australia", "_industry": "Information Technology and Services", "_profileLink": "https://www.linkedin.com/in/nayakrashmi", "_name": "Rashmi Nayak", "_eduList": [{"_major": "Computer and Information Science; Computer Science", "_degree": "Master of Science, ", "_date": "2009 - 2011", "_instituteName": "Northeastern University"}, {"_major": "Information Technology", "_degree": "Bachelor of Engineering, ", "_date": "2000 - 2004", "_instituteName": "Manipal Institute of Technology"}], "_designation": "Software Engineer II at TripAdvisor"}, {"_rollNo": "2KE IT638 ", "_location": "Bengaluru, Karnataka, India", "_industry": "Information Technology and Services", "_profileLink": "https://www.linkedin.com/in/rathanraj", "_name": "Rathan Raj Shetty", "_eduList": [{"_major": "Information technology", "_degree": "B.E., ", "_date": "2000 - 2004", "_instituteName": "Manipal Institute of Technology"}], "_designation": "Technical Manager at Mindtree Ltd."}, {"_rollNo": "2KE IT639 ", "_location": "", "_industry": "", "_profileLink": "https://in.linkedin.com/in/royden-aranha-4b836b6", "_name": "", "_eduList": [], "_designation": ""}, {"_rollNo": "2KE IT642 ", "_location": "", "_industry": "", "_profileLink": "https://in.linkedin.com/in/taranath-shenoy-pmp-32852011", "_name": "", "_eduList": [], "_designation": ""}, {"_rollNo": "2KE IT643 ", "_location": "Dallas/Fort Worth Area", "_industry": "Information Technology and Services", "_profileLink": "https://www.linkedin.com/in/vinaya-mayya-9127a810", "_name": "Vinaya Mayya", "_eduList": [{"_major": "Computer Science", "_degree": "Masters, ", "_date": "2007 - 2008", "_instituteName": "Arizona State University"}, {"_major": "Information Technology", "_degree": "B.E., ", "_date": "2000 - 2004", "_instituteName": "Manipal Institute of Technology"}], "_designation": "Software Development Lead and Architect at Copart"}, {"_rollNo": "2KE IT644 ", "_location": "", "_industry": "", "_profileLink": "https://in.linkedin.com/in/vinayakgk", "_name": "", "_eduList": [], "_designation": ""}, {"_rollNo": "2KE IT646 ", "_location": "", "_industry": "", "_profileLink": "https://in.linkedin.com/in/vittaldasprabhu", "_name": "", "_eduList": [], "_designation": ""}, {"_rollNo": "2KE IT824 ", "_location": "Greater Chicago Area", "_industry": "Financial Services", "_profileLink": "https://www.linkedin.com/in/vikramjeetgill", "_name": "Vikram Gill", "_eduList": [{"_major": "Finance, Marketing", "_degree": "Master of Business Administration (M.B.A.), ", "_date": "2014 - 2016", "_instituteName": "Northwestern University - Kellogg School of Management"}, {"_major": "Information Technology", "_degree": "Engineer\u2019s Degree, ", "_date": "2000 - 2004", "_instituteName": "Manipal Institute of Technology"}], "_company": [{"company": "HSBC USA"}], "_designation": "Business Systems Consultant | Digital Channels at HSBC"}]