[{"_rollNo": "10911017", "_location": "San Francisco Bay Area", "_industry": "Computer Software", "_profileLink": "https://www.linkedin.com/in/therohitraj", "_name": "Rohit Jain", "_eduList": [{"_major": "Computer Science", "_degree": "Master of Science (M.S.), ", "_date": "2007 - 2009", "_instituteName": "University of Southern California"}, {"_major": "Information Technology", "_degree": "Bachelor of Engineering, ", "_date": "2001 - 2005", "_instituteName": "Manipal Institute of Technology"}], "_designation": "Solutions Architect at Amazon Web Services"}, {"_rollNo": "10911019", "_location": "San Francisco Bay Area", "_industry": "Information Services", "_profileLink": "https://www.linkedin.com/in/vikrantkaul", "_name": "Vikrant Kaul", "_eduList": [{"_major": "Operations", "_degree": "Master of Business Administration (M.B.A.), ", "_date": "2008 - 2010", "_instituteName": "Symbiosis Institute of Business Management"}, {"_major": "Information Science", "_degree": "Bachelor's Degree, ", "_date": "2001 - 2005", "_instituteName": "Manipal Institute of Technology"}], "_company": [{"company": "Infosys"}], "_designation": "Senior Consultant at Infosys Ltd"}, {"_rollNo": "10911020", "_location": "", "_industry": "", "_profileLink": "https://in.linkedin.com/in/joamon", "_name": "", "_eduList": [], "_designation": ""}, {"_rollNo": "10911021", "_location": "", "_industry": "", "_profileLink": "https://sg.linkedin.com/in/kirtidhingra", "_name": "", "_eduList": [], "_designation": ""}, {"_rollNo": "10911024", "_location": "", "_industry": "", "_profileLink": "https://in.linkedin.com/in/nirav-maheshwari-7917ba7", "_name": "", "_eduList": [], "_designation": ""}, {"_rollNo": "10911025", "_location": "Broomfield, Colorado", "_industry": "Information Technology and Services", "_profileLink": "https://www.linkedin.com/in/yashvardhansingh", "_name": "Yashvardhan Singh", "_eduList": [{"_major": "Marketing and Finance", "_degree": "Master of Business Administration (M.B.A.), ", "_date": "2007 - 2010", "_instituteName": "Institute for Financial Management and Research"}, {"_major": "Information Technology", "_degree": "B.E., ", "_date": "2001 - 2005", "_instituteName": "Manipal Institute of Technology"}, {"_major": "PCM", "_degree": "12, ", "_date": "1996 - 1998", "_instituteName": "Kendriya Vidyalaya"}], "_company": [{"company": "Gogo Business Aviation"}], "_designation": "Software Architect & Team Lead at Gogo Business Aviation"}, {"_rollNo": "10911036", "_location": "Pittsburgh, Pennsylvania", "_industry": "Information Technology and Services", "_profileLink": "https://www.linkedin.com/in/medhavim", "_name": "Medhavi Middha", "_eduList": [{"_major": "Marketing and Strategy", "_degree": "Master of Business Administration, ", "_date": "2011 - 2013", "_instituteName": "University of Pittsburgh"}, {"_major": "Information Technology", "_degree": "2005\tBachelor of Engineering (B.E); of Higher Education (M.A.H.E), ", "_date": "2001 - 2005", "_instituteName": "Manipal Institute of Technology, Manipal"}], "_company": [{"company": "FedEx Services"}], "_designation": "Strategic Pricing Professional, FedEx Services"}, {"_rollNo": "10911038", "_location": "Pune, Maharashtra, India", "_industry": "Information Technology and Services", "_profileLink": "https://www.linkedin.com/in/shweta-singh-4145818", "_name": "Shweta Singh", "_eduList": [{"_major": "Information Technology", "_degree": "Bachelor of Engineering (B.E.), ", "_date": "2001 - 2005", "_instituteName": "Manipal Institute of Technology"}], "_company": [{"company": "Tech Mahindra"}], "_designation": "E2E Delivery Manager"}, {"_rollNo": "10911039", "_location": "", "_industry": "", "_profileLink": "https://in.linkedin.com/in/ram-vijay-singh-67571b18", "_name": "", "_eduList": [], "_designation": ""}, {"_rollNo": "10911044", "_location": "Greater Seattle Area", "_industry": "Computer Software", "_profileLink": "https://www.linkedin.com/in/supersid", "_name": "Siddharth Singh", "_eduList": [{"_major": "Computer Engineering", "_degree": "MS, ", "_date": "2007 - 2008", "_instituteName": "University of Florida"}, {"_major": "Information Technology", "_degree": "B.E., ", "_date": "2001 - 2005", "_instituteName": "Manipal Institute of Technology"}], "_designation": "Software Development Engineer II at Microsoft"}, {"_rollNo": "10911048", "_location": "", "_industry": "", "_profileLink": "https://kw.linkedin.com/in/pillaisharath", "_name": "", "_eduList": [], "_designation": ""}, {"_rollNo": "10911050", "_location": "", "_industry": "", "_profileLink": "https://in.linkedin.com/in/priyadarshini-laishram-98112411", "_name": "", "_eduList": [], "_designation": ""}, {"_rollNo": "10911057", "_location": "", "_industry": "", "_profileLink": "https://in.linkedin.com/in/saralchandra", "_name": "", "_eduList": [], "_designation": ""}, {"_rollNo": "10911062", "_location": "", "_industry": "", "_profileLink": "https://nl.linkedin.com/in/deepankgup", "_name": "", "_eduList": [], "_designation": ""}, {"_rollNo": "10911063", "_location": "", "_industry": "", "_profileLink": "https://in.linkedin.com/in/ashutosh-mani-pathak-439589102", "_name": "", "_eduList": [], "_designation": ""}, {"_rollNo": "10911064", "_location": "", "_industry": "", "_profileLink": "https://in.linkedin.com/in/cschauhan", "_name": "", "_eduList": [], "_designation": ""}, {"_rollNo": "10911068", "_location": "Houston, Texas Area", "_industry": "Information Technology and Services", "_profileLink": "https://www.linkedin.com/in/vipula-harne-a560325", "_name": "Vipula Harne", "_eduList": [{"_major": "Information Technology", "_degree": "BE, ", "_date": "2001 - 2005", "_instituteName": "Manipal Institute of Technology"}, {"_major": "Information Technology", "_degree": "B.E, ", "_date": "2001 - 2005", "_instituteName": "Manipal University"}, {"_date": "", "_instituteName": "Kendriya Vidyalaya"}], "_designation": "HL7 Integration Specialist"}, {"_rollNo": "10911069", "_location": "Greater New York City Area", "_industry": "Information Technology and Services", "_profileLink": "https://www.linkedin.com/in/gautam-paul-a879518", "_name": "Gautam Paul", "_eduList": [{"_major": "Business Analytics", "_degree": "Master of Science (MS), ", "_date": "2014 - 2016", "_instituteName": "New York University - Leonard N. Stern School of Business"}, {"_major": "IT", "_degree": "C-PGDBA, ", "_date": "2008 - 2009", "_instituteName": "Symbiosis, Pune"}, {"_major": "IT", "_degree": "BE, ", "_date": "2001 - 2005", "_instituteName": "Manipal Institute of Technology"}], "_company": [{"company": "GE"}], "_designation": "Analytics Program Manager at GE Corporate"}, {"_rollNo": "10911073", "_location": "", "_industry": "", "_profileLink": "https://in.linkedin.com/in/deepak-kumar-13216514", "_name": "", "_eduList": [], "_designation": ""}, {"_rollNo": "10911078", "_location": "Davenport, Iowa", "_industry": "Computer Software", "_profileLink": "https://www.linkedin.com/in/sudip-das-b9a80010", "_name": "Sudip Das", "_eduList": [{"_date": "2002 - 2005", "_instituteName": "Manipal Institute of Technology"}, {"_major": "IT", "_degree": "BE, ", "_date": "2002 - 2005", "_instituteName": "Manipal University"}], "_designation": "Project Lead at Sapient"}, {"_rollNo": "10911083", "_location": "", "_industry": "", "_profileLink": "https://in.linkedin.com/in/nitin-chadha-b37811a", "_name": "", "_eduList": [], "_designation": ""}, {"_rollNo": "10911086", "_location": "", "_industry": "", "_profileLink": "https://in.linkedin.com/in/digvendra-yadav-249b927", "_name": "", "_eduList": [], "_designation": ""}, {"_rollNo": "10911087", "_location": "", "_industry": "", "_profileLink": "https://in.linkedin.com/in/varunmodi3", "_name": "", "_eduList": [], "_designation": ""}, {"_rollNo": "10911091", "_location": "", "_industry": "", "_profileLink": "https://in.linkedin.com/in/indranilguharoy", "_name": "", "_eduList": [], "_designation": ""}]