[{"_rollNo": "60911003", "_location": "Eindhoven, Provincie Noord-Brabant, Netherlands", "_industry": "Industrial Automation", "_profileLink": "https://www.linkedin.com/in/pradeep-radhakrishnan-37854564", "_name": "Pradeep Radhakrishnan", "_eduList": [{"_major": "Operations management and Logistics", "_degree": "Master of Science (MS), ", "_date": "2013 - 2015", "_instituteName": "Eindhoven University of Technology"}, {"_major": "Business and Management", "_degree": "Master of Science (MSc), ", "_date": "2011 - 2012", "_instituteName": "University of Strathclyde"}, {"_major": "Information and communication technology", "_degree": "Bachelor's degree, ", "_date": "2006 - 2010", "_instituteName": "Manipal Institute of Technology"}], "_company": [{"company": "Vanderlande"}], "_designation": "Graduate Intern at Vanderlande Industries B.V."}, {"_rollNo": "60911004", "_location": "Oslo Area, Norway", "_industry": "Information Technology and Services", "_profileLink": "https://www.linkedin.com/in/gidwanimohit", "_name": "Mohit Gidwani", "_eduList": [{"_major": "Conception and Management of Complex Information Systems", "_degree": "M2, ", "_date": "2011 - 2012", "_instituteName": "\u00c9cole Polytechnique (X) de Paris"}, {"_major": "Information and Communication Technology", "_degree": "BE, ", "_date": "2006 - 2010", "_instituteName": "Manipal Institute of Technology"}], "_company": [{"company": "Cisco"}], "_designation": "Project Management"}, {"_rollNo": "60911007", "_location": "Bengaluru, Karnataka, India", "_industry": "Information Technology and Services", "_profileLink": "https://www.linkedin.com/in/neha-srivastava-3b112948", "_name": "Neha Srivastava", "_eduList": [{"_major": "Computer Science Engineering", "_degree": "Master's degree, ", "_date": "2010 - 2012", "_instituteName": "Manipal Institute of Technology"}, {"_major": "Information Technology", "_degree": "Bachelor's degree, ", "_date": "2006 - 2010", "_instituteName": "Manipal Institute of Technology"}], "_company": [{"company": "Samsung Research India"}], "_designation": "Senior Software Engineer in Samsung Research India Bangalore"}, {"_rollNo": "60911011", "_location": "Nigeria", "_industry": "Oil & Energy", "_profileLink": "https://www.linkedin.com/in/usoro-usoro-acmi-05a40365", "_name": "Usoro Usoro [ACMI]", "_eduList": [{"_major": "Operations and Business Management", "_degree": "Master of Science (M.Sc.), ", "_date": "2011 - 2012", "_instituteName": "Glasgow Caledonian University"}, {"_major": "Information Technology", "_degree": "Bachelor of Engineering (B.E.), ", "_date": "2006 - 2010", "_instituteName": "Manipal Institute of Technology"}], "_designation": "Public and Government Affairs at ExxonMobil"}, {"_rollNo": "60911013", "_location": "United Arab Emirates", "_industry": "Information Technology and Services", "_profileLink": "https://www.linkedin.com/in/shwetha-john-701b7852", "_name": "Shwetha John", "_eduList": [{"_major": "IT", "_degree": "Masters in Management of IT, ", "_date": "2010 - 2011", "_instituteName": "University of Nottingham - Nottingham University Business School"}, {"_major": "IT Engineering", "_degree": "Bachelor of Engineering (B.E.), ", "_date": "2006 - 2010", "_instituteName": "Manipal Institute of Technology"}], "_company": [{"company": "Aesthetix FZE"}], "_designation": "Marketing Manager at Aesthetix"}, {"_rollNo": "60911015", "_location": "San Francisco Bay Area", "_industry": "Information Technology and Services", "_profileLink": "https://www.linkedin.com/in/mugdha-kanhere-a49b162a", "_name": "Mugdha Kanhere", "_eduList": [{"_major": "Internet Programming", "_date": "2014 - 2015", "_instituteName": "UCSC Silicon Valley Extension"}, {"_major": "Information Technology", "_degree": "MSc Internet Software Systems, ", "_date": "2010 - 2011", "_instituteName": "The University of Birmingham"}, {"_major": "Information & Communication Technology", "_degree": "Bachelor, ", "_date": "2006 - 2010", "_instituteName": "Manipal Institute of Technology"}], "_designation": "Front-End Engineer at Narvar"}, {"_rollNo": "60911017", "_location": "Bijnor, Uttar Pradesh, India", "_industry": "Education Management", "_profileLink": "https://www.linkedin.com/in/singhaditi", "_name": "Aditi Singh", "_eduList": [{"_major": "Information Technology", "_degree": "Bachelor of Technology (B.Tech.), ", "_date": "2006 - 2010", "_instituteName": "Manipal Institute of Technology"}, {"_date": "2004 - 2006", "_instituteName": "Indian Language School"}, {"_date": "1998 - 2004", "_instituteName": "Oshwal Academy"}], "_designation": "Academic Coordinator at Priyanka Modern School"}, {"_rollNo": "60911019", "_location": "Bengaluru, Karnataka, India", "_industry": "Computer Software", "_profileLink": "https://www.linkedin.com/in/aqvin-kennet-saldanha-8437722b", "_name": "Aqvin Kennet Saldanha", "_eduList": [{"_major": "Information Technology", "_degree": "BE, ", "_date": "2006 - 2010", "_instituteName": "Manipal Institute of Technology"}, {"_date": "1998 - 2004", "_instituteName": "St Mary's English High School"}], "_company": [{"company": "Aqvin Game Studio"}], "_designation": "Founder, Aqvin Game Studio"}, {"_rollNo": "60911020", "_location": "Mumbai Area, India", "_industry": "Human Resources", "_profileLink": "https://www.linkedin.com/in/kartik-gupta-26225714", "_name": "Kartik Gupta", "_eduList": [{"_major": "Human Resources", "_degree": "MBA, ", "_date": "2010 - 2012", "_instituteName": "Management Development Institute"}, {"_degree": "Master of Business Administration (MBA)", "_date": "2011 - 2011", "_instituteName": "Aarhus Universitet"}, {"_major": "Information Technology", "_degree": "Bachelor of Engineering (BE), ", "_date": "2006 - 2010", "_instituteName": "Manipal Institute of Technology"}, {"_date": "", "_instituteName": "Delhi Public School - R. K. Puram"}], "_designation": "Manager Human Resources at Idea Cellular Ltd"}, {"_rollNo": "60911021", "_location": "Gurgaon, India", "_industry": "Telecommunications", "_profileLink": "https://www.linkedin.com/in/ivan-pereira-581b0bb7", "_name": "Ivan Pereira", "_eduList": [{"_major": "Information Technology", "_degree": "Bachelor\u2019s Degree, ", "_date": "2006 - 2010", "_instituteName": "Manipal Institute of Technology"}, {"_date": "", "_instituteName": "Campion School, Bhopal"}], "_company": [{"company": "Ericsson"}], "_designation": "Senior Charging System Engineer at Ericsson India Global Services Pvt. Ltd."}, {"_rollNo": "60911027", "_location": "Eden Prairie, Minnesota", "_industry": "Information Technology and Services", "_profileLink": "https://www.linkedin.com/in/manan-miglani-451216aa", "_name": "Manan Miglani", "_eduList": [{"_major": "Information Technology", "_degree": "Bachelor of Engineering (B.E.), ", "_date": "2006 - 2010", "_instituteName": "Manipal Institute of Technology"}], "_designation": "ITA at Tata Consultancy Services"}, {"_rollNo": "60911028", "_location": "Bengaluru, Karnataka, India", "_industry": "Information Technology and Services", "_profileLink": "https://www.linkedin.com/in/saurabh-shekhar-0b860292", "_name": "Saurabh Shekhar", "_eduList": [{"_major": "Information Technology", "_degree": "Bachelor of Engineering (BE), ", "_date": "2006 - 2010", "_instituteName": "Manipal Institute of Technology"}], "_designation": "Software Engineering Team Lead at Accenture, Banglore"}, {"_rollNo": "60911029", "_location": "South Delhi, Delhi, India", "_industry": "Financial Services", "_profileLink": "https://www.linkedin.com/in/saurabmehro", "_name": "Saurab Mehrotra", "_eduList": [{"_degree": "Master of Business Administration (MBA)", "_date": "2015 - 2016", "_instituteName": "S P Jain School of Global Management"}, {"_major": "Information Technology", "_degree": "Bachelor of Engineering (B.E.), ", "_date": "2006 - 2010", "_instituteName": "Manipal Institute of Technology"}], "_company": [{"company": "S P Jain School of Global Management - Dubai"}, {"company": "Mumbai"}, {"company": "Singapore & Sydney"}], "_designation": "MBA (Global) Graduate Student, Former Transfer Pricing Analyst in General Electric (GE)"}, {"_rollNo": "60911030", "_location": "India", "_industry": "Information Technology and Services", "_profileLink": "https://www.linkedin.com/in/bhaskar-mahajan-521b62b", "_name": "Bhaskar Mahajan", "_eduList": [{"_major": "Finance, Investment Management", "_degree": "Master of Business Administration (M.B.A.), ", "_date": "2014 - 2016", "_instituteName": "University of Virginia Darden School of Business"}, {"_major": "Information & Communication Technology", "_degree": "Bachelor of Engineering, ", "_date": "2006 - 2010", "_instituteName": "Manipal Institute of Technology"}, {"_date": "", "_instituteName": "CFA INSTITUTE"}, {"_date": "", "_instituteName": "Lawrence School Sanawar"}], "_designation": "MBA Student at University of Virginia Darden School of Business"}, {"_rollNo": "60911031", "_location": "Udupi, Karnataka, India", "_industry": "Information Technology and Services", "_profileLink": "https://www.linkedin.com/in/mita-shenai-1a6b1548", "_name": "Mita Shenai", "_eduList": [{"_major": "Information Technology", "_degree": "Bachelor's degree, ", "_date": "2006 - 2010", "_instituteName": "Manipal Institute of Technology"}, {"_date": "2004 - 2006", "_instituteName": "St Cecily's Composite P U College"}, {"_date": "1994 - 2004", "_instituteName": "St Cecily's Girls High School"}], "_designation": "Sr Business Analyst at Ugam Solutions"}, {"_rollNo": "60911035", "_location": "Denver, Colorado", "_industry": "Computer Software", "_profileLink": "https://www.linkedin.com/in/surbhi-sahdev-24a66a19", "_name": "Surbhi Sahdev", "_eduList": [{"_major": "Computer Science", "_degree": "Master's degree, ", "_date": "2014 - 2015", "_instituteName": "University of Colorado Boulder"}, {"_major": "Information Technology", "_degree": "Bachelor's degree, ", "_date": "2006 - 2010", "_instituteName": "Manipal Institute of Technology"}, {"_major": "High School/Secondary Diplomas and Certificates", "_degree": "High School Diploma, ", "_date": "2005 - 2006", "_instituteName": "Delhi Public School - R. K. Puram"}], "_designation": "Senior Technical Consultant at Perficient Inc"}, {"_rollNo": "60911040", "_location": "Singapore", "_industry": "Information Technology and Services", "_profileLink": "https://www.linkedin.com/in/sanjana-kv-76737b1b", "_name": "Sanjana kv", "_eduList": [{"_major": "Computing", "_degree": "MSc, ", "_date": "2010 - 2011", "_instituteName": "Imperial College London"}, {"_major": "Information Technology", "_degree": "Bachelor of Engineering (BE), ", "_date": "2006 - 2010", "_instituteName": "Manipal Institute of Technology"}], "_company": [{"company": "Singapore University of Technology and Design (SUTD)"}], "_designation": "Research Engineer at SUTD"}, {"_rollNo": "60911042", "_location": "Gurgaon, India", "_industry": "Financial Services", "_profileLink": "https://www.linkedin.com/in/suhail-sabharwal-01a0b050", "_name": "Suhail Sabharwal", "_eduList": [{"_major": "Finance and Strategic Management", "_degree": "Master of Business Administration (M.B.A.), ", "_date": "2013 - 2015", "_instituteName": "Management Development Institute"}, {"_major": "Strategic Management", "_degree": "Master of Business Administration (M.B.A.), ", "_date": "2014 - 2014", "_instituteName": "Copenhagen Business School"}, {"_major": "Information Technology", "_degree": "Bachelor of Engineering (BE), ", "_date": "2006 - 2010", "_instituteName": "Manipal Institute of Technology"}, {"_date": "2005", "_instituteName": "Delhi Public School, Mathura Road"}], "_company": [{"company": "Cognizant"}], "_designation": "Consultant at Cognizant Business Consulting"}, {"_rollNo": "60911043", "_location": "", "_industry": "", "_profileLink": "https://in.linkedin.com/in/arpitagarwal087", "_name": "", "_eduList": [], "_designation": ""}, {"_rollNo": "60911049", "_location": "", "_industry": "", "_profileLink": "https://in.linkedin.com/in/pranav-dangi-18256a53", "_name": "", "_eduList": [], "_designation": ""}, {"_rollNo": "60911050", "_location": "", "_industry": "", "_profileLink": "https://in.linkedin.com/in/piyushanand1", "_name": "", "_eduList": [], "_designation": ""}, {"_rollNo": "60911055", "_location": "India", "_industry": "Medical Devices", "_profileLink": "https://www.linkedin.com/in/akshaybakhru", "_name": "Akshay Bakhru", "_eduList": [{"_major": "Information Technology", "_degree": "BE, ", "_date": "2006 - 2010", "_instituteName": "Manipal Institute of Technology"}], "_designation": "Sr. Technical Specialist at Philips Healthcare"}, {"_rollNo": "60911056", "_location": "Bengaluru, Karnataka, India", "_industry": "Management Consulting", "_profileLink": "https://www.linkedin.com/in/gaurav-kumar-0243971a", "_name": "Gaurav Kumar", "_eduList": [{"_major": "Marketing, Finance and Strategy", "_degree": "Master of Business Administration (M.B.A.), ", "_date": "2012 - 2014", "_instituteName": "Faculty of Management Studies - University of Delhi"}, {"_major": "Information & Communication Technology", "_degree": "Bachelor of Technology (B.Tech.), ", "_date": "2006 - 2010", "_instituteName": "Manipal Institute of Technology"}], "_designation": "Senior Consultant at Capgemini Consulting"}, {"_rollNo": "60911057", "_location": "Bengaluru, Karnataka, India", "_industry": "Information Technology and Services", "_profileLink": "https://www.linkedin.com/in/kankur", "_name": "Kumar Ankur", "_eduList": [{"_major": "Information Technology Engineering", "_degree": "Bachelor of Engineering, ", "_date": "2006 - 2010", "_instituteName": "Manipal Institute of Technology"}], "_company": [{"company": "Productive Edge"}], "_designation": "Front End Developer | UI Developer | Web Developer"}, {"_rollNo": "60911059", "_location": "Coventry, United Kingdom", "_industry": "Logistics and Supply Chain", "_profileLink": "https://www.linkedin.com/in/nehaagarwal88", "_name": "Neha Agarawal", "_eduList": [{"_major": "Logistics, Materials, and Supply Chain Management", "_degree": "Master's degree, ", "_date": "2011 - 2012", "_instituteName": "University of Warwick"}, {"_major": "Information Technology", "_degree": "Bachelor of Engineering (B.E.), ", "_date": "2006 - 2010", "_instituteName": "Manipal Academy of Higher Education"}, {"_major": "INFORMATION TECHNOLOGY", "_degree": "BE, ", "_date": "2006 - 2010", "_instituteName": "Manipal Institute of Technology"}], "_designation": "Master student"}, {"_rollNo": "60911060", "_location": "Hyderabad Area, India", "_industry": "Information Technology and Services", "_profileLink": "https://www.linkedin.com/in/abhishek-o-ba6457b5", "_name": "Abhishek O", "_eduList": [{"_major": "Information & Communication Technology", "_degree": "Bachelor of Engineering (B.E.), ", "_date": "2006 - 2010", "_instituteName": "Manipal Institute of Technology"}], "_designation": "Senior Technical Writer at Oracle"}, {"_rollNo": "60911062", "_location": "Kolkata Area, India", "_industry": "Information Technology and Services", "_profileLink": "https://www.linkedin.com/in/sugandhapoorva", "_name": "Sugandh Apoorva", "_eduList": [{"_major": "Information & Communication Technology", "_degree": "B.E., ", "_date": "2006 - 2010", "_instituteName": "Manipal Institute of Technology"}], "_designation": "Senior Consultant at Capgemini"}, {"_rollNo": "60911064"}, {"_rollNo": "60911067", "_location": "Pune Area, India", "_industry": "Computer Software", "_profileLink": "https://www.linkedin.com/in/siddhartha-shankar-58393814", "_name": "Siddhartha Shankar", "_eduList": [{"_major": "Information Technology", "_degree": "Bachelor of Engineering (BEng), ", "_date": "2006 - 2010", "_instituteName": "Manipal Institute of Technology"}], "_company": [{"company": "IBM"}], "_designation": "Senior Systems Engineer at IBM India Pvt Ltd"}, {"_rollNo": "60911068", "_location": "Raleigh, North Carolina", "_industry": "Computer Software", "_profileLink": "https://www.linkedin.com/in/sattwik-pati-3a7b70a4", "_name": "sattwik pati", "_eduList": [{"_major": "Computer Science", "_degree": "Master's Degree, ", "_date": "2014 - 2016", "_instituteName": "North Carolina State University"}, {"_major": "Information Technology", "_degree": "Bachelor's Degree, ", "_date": "2006 - 2010", "_instituteName": "Manipal Institute of Technology"}], "_designation": "Student at North Carolina State University"}, {"_rollNo": "60911069", "_location": "Ireland", "_industry": "Information Services", "_profileLink": "https://www.linkedin.com/in/chetan-kumar-03439a7b", "_name": "chetan kumar", "_eduList": [{"_major": "Information Technology", "_degree": "Bachelor of Engineering (BEng), ", "_date": "2006 - 2010", "_instituteName": "Manipal Institute of Technology"}], "_designation": "Technology Analyst at Infosys"}, {"_rollNo": "60911071", "_location": "Agra Area, India", "_industry": "Computer Software", "_profileLink": "https://www.linkedin.com/in/prepconsultancy", "_name": "Abhishek Sharma", "_eduList": [{"_major": "Information Technology", "_degree": "Bachelor of Engineering (B.E.), ", "_date": "2006 - 2010", "_instituteName": "Manipal Institute of Technology"}], "_designation": "Business Development Manager at Prep Consultancy Services"}, {"_rollNo": "60911073", "_location": "Bengaluru Area, India", "_industry": "Computer Software", "_profileLink": "https://www.linkedin.com/in/kushagrgupta", "_name": "Kushagr Gupta", "_eduList": [{"_major": "Information & Communication Technology", "_degree": "B.E., ", "_date": "2006 - 2010", "_instituteName": "Manipal Institute of Technology"}, {"_major": "Physics, Chemistry, Mathematics, Computer Science", "_degree": "High School / Pre-University, ", "_date": "1995 - 2005", "_instituteName": "St. Thomas' College"}], "_designation": "SDE II at Microsoft"}, {"_rollNo": "60911074", "_location": "Patna, Bihar, India", "_industry": "Management Consulting", "_profileLink": "https://www.linkedin.com/in/shivramkrishna", "_name": "Shiv Ram Krishna", "_eduList": [{"_major": "Management", "_degree": "PGDM, ", "_date": "2011 - 2013", "_instituteName": "Indian Institute of Management, Kozhikode"}, {"_major": "Information Technology", "_degree": "Bachelor of Engineering (BEng), ", "_date": "2006 - 2010", "_instituteName": "Manipal Institute of Technology"}], "_company": [{"company": "KPMG India"}], "_designation": "Senior Consultant in IT, Banking and Government process re-engineering ."}, {"_rollNo": "60911075", "_location": "Barcelona, Cataluna, Spain", "_industry": "Management Consulting", "_profileLink": "https://www.linkedin.com/in/susmita-das-88966497", "_name": "Susmita Das", "_eduList": [{"_degree": "Exchange - Master of Business Administration (MBA)", "_date": "2016 - 2016", "_instituteName": "Duke University - The Fuqua School of Business"}, {"_degree": "Master of Business Administration (MBA)", "_date": "2014 - 2016", "_instituteName": "ESADE Business & Law School"}, {"_major": "Information Technology", "_degree": "Bachelor of Engineering (BE), ", "_date": "2006 - 2010", "_instituteName": "Manipal Institute of Technology"}], "_designation": "Fuqua School of Business (Spring 2016 Exchange) | ESADE Business School (MBA Class of 2016)"}, {"_rollNo": "60911077", "_location": "Bengaluru Area, India", "_industry": "Information Technology and Services", "_profileLink": "https://www.linkedin.com/in/itsmeritesh", "_name": "Ritesh Verma", "_eduList": [{"_major": "Information Technology", "_degree": "B.E., ", "_date": "2006 - 2010", "_instituteName": "Manipal Institute of Technology"}, {"_major": "Physics, Chemistry, Maths, Biology, English", "_degree": "10th and 12th, ", "_date": "1991 - 2005", "_instituteName": "D.A.V. Public School,Cantt.Road,Khagaul"}], "_company": [{"company": "UST Global"}], "_designation": "Software Engineer"}, {"_rollNo": "60911078", "_location": "Ahmedabad, Gujarat, India", "_industry": "Information Technology and Services", "_profileLink": "https://www.linkedin.com/in/tulika-verma-8572ab18", "_name": "Tulika Verma", "_eduList": [{"_degree": "PGPX", "_date": "2016 - 2017", "_instituteName": "Indian Institute of Management, Ahmedabad"}, {"_major": "Information Technology", "_degree": "Bachelor of Engineering, ", "_date": "2006 - 2010", "_instituteName": "Manipal Institute of Technology"}, {"_date": "", "_instituteName": "Notre Dame Academy, Patna"}], "_designation": "MBA Candidate, PGPX Class of 2017, IIM Ahmedabad"}, {"_rollNo": "60911083", "_location": "Other", "_industry": "Computer Software", "_profileLink": "https://www.linkedin.com/in/ashish-jaiswal-68918b55", "_name": "Ashish Jaiswal", "_eduList": [{"_major": "Information and Communication Technology", "_degree": "Bachelor of Engineering (BE), ", "_date": "2006 - 2010", "_instituteName": "Manipal Institute of Technology"}, {"_major": "CBSE", "_degree": "12th Boards, ", "_date": "2003 - 2005", "_instituteName": "DPS Mathura Road, Delhi"}], "_designation": "Software Engineer 2 at Microsoft"}, {"_rollNo": "60911085", "_location": "Central Delhi, Delhi, India", "_industry": "Information Technology and Services", "_profileLink": "https://www.linkedin.com/in/dinesh-kumar-b6b8729b", "_name": "Dinesh Kumar", "_eduList": [{"_major": "Information Technology", "_degree": "Bachelor of Engineering (B.E.), ", "_date": "2006 - 2010", "_instituteName": "Manipal Institute of Technology"}, {"_major": "Information Technology", "_degree": "Bachelor of Engineering (B.E.), ", "_date": "2006 - 2010", "_instituteName": "Manipal Institute of Technology"}], "_designation": "ORACLE DBA at Accenture"}, {"_rollNo": "60911087", "_location": "Bengaluru Area, India", "_industry": "Financial Services", "_profileLink": "https://www.linkedin.com/in/rakesh-ranjan-b7167b19", "_name": "Rakesh Ranjan", "_eduList": [{"_major": "information technology", "_degree": "B.E, ", "_date": "2006 - 2010", "_instituteName": "Manipal Institute of Technology"}, {"_major": "PMC", "_degree": "+2, ", "_date": "2001 - 2003", "_instituteName": "Patna University"}], "_company": [{"company": "Citi"}], "_designation": "Asst Manager (Sr. Analyst at Citi)"}, {"_rollNo": "60911098", "_location": "", "_industry": "", "_profileLink": "https://www.linkedin.com/in/nutan-chandak-89060617v", "_name": "", "_eduList": [], "_designation": ""}, {"_rollNo": "60911102", "_location": "Bengaluru Area, India", "_industry": "Publishing", "_profileLink": "https://www.linkedin.com/in/raj-chourasia-0a926037", "_name": "Raj Chourasia", "_eduList": [{"_degree": "B.E in I.T.", "_date": "2006 - 2010", "_instituteName": "Manipal Institute of Technology"}], "_designation": "Co-founder & CTO at Campus Diaries"}, {"_rollNo": "60911105", "_location": "Pune Area, India", "_industry": "Information Technology and Services", "_profileLink": "https://www.linkedin.com/in/jimmy-minipara-70868a39", "_name": "Jimmy Minipara", "_eduList": [{"_major": "Information Technology", "_degree": "Bachelor of Engineering (B.E.), ", "_date": "2007 - 2010", "_instituteName": "Manipal Institute of Technology"}], "_company": [{"company": "InfoCepts"}], "_designation": "Associate Consultant at Infocepts"}]