[{"_rollNo": "80911452", "_location": "", "_industry": "", "_profileLink": "https://in.linkedin.com/in/sneha-ramesh-73344171", "_name": "", "_eduList": [], "_designation": ""}, {"_rollNo": "80911456", "_location": "", "_industry": "", "_profileLink": "https://in.linkedin.com/in/graham-rodrigues-aa0b9548", "_name": "", "_eduList": [], "_designation": ""}, {"_rollNo": "90911003"}, {"_rollNo": "90911005"}, {"_rollNo": "90911006", "_location": "", "_industry": "", "_profileLink": "https://in.linkedin.com/in/akanksha-sinha-0b246029", "_name": "", "_eduList": [], "_designation": ""}, {"_rollNo": "90911007", "_location": "", "_industry": "", "_profileLink": "https://in.linkedin.com/in/gkhirbat", "_name": "", "_eduList": [], "_designation": ""}, {"_rollNo": "90911014", "_location": "", "_industry": "", "_profileLink": "https://in.linkedin.com/in/sarthak-gandhi-a1318838", "_name": "", "_eduList": [], "_designation": ""}, {"_rollNo": "90911024", "_location": "", "_industry": "", "_profileLink": "https://in.linkedin.com/in/charu-shekhar-01186485", "_name": "", "_eduList": [], "_designation": ""}, {"_rollNo": "90911195", "_location": "", "_industry": "", "_profileLink": "https://in.linkedin.com/in/ambar-ashish-34578aab", "_name": "", "_eduList": [], "_designation": ""}, {"_rollNo": "90911227", "_location": "", "_industry": "", "_profileLink": "https://in.linkedin.com/in/udit-ranjan-31b27371", "_name": "", "_eduList": [], "_designation": ""}, {"_rollNo": "90911253"}, {"_rollNo": "90911279", "_location": "Greater New York City Area", "_industry": "Computer Software", "_profileLink": "https://www.linkedin.com/in/sarthakjain1891", "_name": "Sarthak Jain", "_eduList": [{"_major": "Computer Science", "_degree": "Master of Science (MS), ", "_date": "2014 - 2016", "_instituteName": "New York University _ Graduate School of Arts and Science"}, {"_major": "Information Technology", "_degree": "Bachelor of Engineering (B.E.), ", "_date": "2009 - 2013", "_instituteName": "Manipal Institute of Technology"}], "_company": [{"company": "S&P Capital IQ"}], "_designation": "Graduate Student at NYU (MS-CS)"}, {"_rollNo": "90911281", "_location": "Los Angeles, California", "_industry": "Computer Software", "_profileLink": "https://www.linkedin.com/in/satakshirana", "_name": "Satakshi Rana", "_eduList": [{"_major": "Computer Science- Data Science", "_degree": "Master of Science (M.S.), ", "_date": "2014 - 2015", "_instituteName": "University of Southern California"}, {"_major": "Information Technology", "_degree": "Bachelor of Engineering (B.E.), ", "_date": "2009 - 2013", "_instituteName": "Manipal Institute of Technology"}], "_designation": "Graduate Student at University of Southern California"}, {"_rollNo": "90911305", "_location": "Udupi, Karnataka, India", "_industry": "", "_profileLink": "https://www.linkedin.com/in/anup-bhat-b-3a9a9244", "_name": "Anup Bhat B", "_eduList": [{"_date": "2009 - 2013", "_instituteName": "Manipal Institute of Technology"}], "_designation": "Student at Manipal Institute of Technology"}, {"_rollNo": "90911309", "_location": "", "_industry": "", "_profileLink": "https://in.linkedin.com/in/puneet-jain-96887497", "_name": "", "_eduList": [], "_designation": ""}, {"_rollNo": "90911321"}, {"_rollNo": "90911345", "_location": "Seattle, Washington", "_industry": "Computer Software", "_profileLink": "https://www.linkedin.com/in/arpitjain2811", "_name": "Arpit Jain", "_eduList": [{"_major": "Computer Science", "_degree": "Master\u2019s Degree, ", "_date": "2014 - 2015", "_instituteName": "New York University"}, {"_major": "Information Technology", "_degree": "Bachelor of Engineering (B.E.), ", "_date": "2009 - 2013", "_instituteName": "Manipal Institute of Technology"}], "_designation": "Software Development Engineer at Amazon"}, {"_rollNo": "90911353"}, {"_rollNo": "90911355", "_location": "", "_industry": "", "_profileLink": "https://in.linkedin.com/in/aseem-ahuja-914a4367", "_name": "", "_eduList": [], "_designation": ""}, {"_rollNo": "90911361", "_location": "Bengaluru, Karnataka, India", "_industry": "Information Technology and Services", "_profileLink": "https://www.linkedin.com/in/pulak-khanna-1ab52683", "_name": "Pulak Khanna", "_eduList": [{"_major": "Information and Communication Technology", "_degree": "Bachelor of Engineering (B.E.), ", "_date": "2009 - 2013", "_instituteName": "Manipal Institute of Technology"}, {"_major": "Physics, Chemistry, Mathematics, Economics, English", "_degree": "High School, ", "_date": "2003 - 2009", "_instituteName": "Sanskriti School, New Delhi, India"}], "_company": [{"company": "Tata Consultancy Services"}], "_designation": "System Engineer at Tata Consultancy Services"}, {"_rollNo": "90911369", "_location": "", "_industry": "", "_profileLink": "https://in.linkedin.com/in/ajanya-sharma-65b94850", "_name": "", "_eduList": [], "_designation": ""}, {"_rollNo": "90911377", "_location": "", "_industry": "", "_profileLink": "https://in.linkedin.com/in/rahul-jaikishen-05104b7a", "_name": "", "_eduList": [], "_designation": ""}, {"_rollNo": "90911379", "_location": "", "_industry": "", "_profileLink": "https://in.linkedin.com/in/vedika-hansaria-11ab9466", "_name": "", "_eduList": [], "_designation": ""}, {"_rollNo": "90911395", "_location": "Bengaluru, Karnataka, India", "_industry": "Information Technology and Services", "_profileLink": "https://www.linkedin.com/in/anwitha-shetty-00a70837", "_name": "Anwitha Shetty", "_eduList": [{"_major": "Embedded Systems", "_degree": "Master's Degree, ", "_date": "2013 - 2015", "_instituteName": "School Of Information Science"}, {"_major": "Information Technology", "_degree": "Bachelor of Engineering (B.E.), ", "_date": "2010 - 2013", "_instituteName": "Manipal Institute of Technology"}, {"_date": "1995 - 2005", "_instituteName": "St.Cecily's School"}], "_company": [{"company": "RSA"}, {"company": "The Security Division of EMC"}], "_designation": "ASE at RSA, The Security Division of EMC"}, {"_rollNo": "90911409"}, {"_rollNo": "90911425", "_location": "", "_industry": "", "_profileLink": "https://fr.linkedin.com/in/felvin-cornelio-a6052b40", "_name": "", "_eduList": [], "_designation": ""}, {"_rollNo": "90911449", "_location": "", "_industry": "", "_profileLink": "https://in.linkedin.com/in/manish-periwal-364bb599", "_name": "", "_eduList": [], "_designation": ""}, {"_rollNo": "90911457", "_location": "", "_industry": "", "_profileLink": "https://in.linkedin.com/in/anuj-garg-08a23143", "_name": "", "_eduList": [], "_designation": ""}, {"_rollNo": "90911481"}, {"_rollNo": "90911487", "_location": "Tyler, Texas Area", "_industry": "Computer Software", "_profileLink": "https://www.linkedin.com/in/b-bhargav-sastry-5a536074", "_name": "B.Bhargav Sastry", "_eduList": [{"_major": "Computer Science", "_degree": "Master\u2019s Degree, ", "_date": "", "_instituteName": "University of Texas at Tyler"}, {"_major": "Information and Communication Technology", "_degree": "Bachelor's Degree, ", "_date": "", "_instituteName": "Manipal Institute of Technology"}], "_designation": "University of Texas at Tyler"}, {"_rollNo": "90911491", "_location": "", "_industry": "", "_profileLink": "https://in.linkedin.com/in/pinki-biswas-957b2649", "_name": "", "_eduList": [], "_designation": ""}, {"_rollNo": "90911493"}, {"_rollNo": "90911499", "_location": "Indianapolis, Indiana Area", "_industry": "Design", "_profileLink": "https://www.linkedin.com/in/vishakha-kumari-37aa494", "_name": "Vishakha Kumari", "_eduList": [{"_major": "Human Computer Interaction", "_degree": "Master's degree, ", "_date": "2016 - 2018", "_instituteName": "Indiana University\u2013Purdue University Indianapolis"}, {"_major": "Information Technology", "_degree": "Bachelor of Engineering (B.E.), ", "_date": "2009 - 2013", "_instituteName": "Manipal Institute of Technology"}, {"_date": "1990 - 2009", "_instituteName": "Rajendra Vidyalaya"}], "_designation": "Graduate Student at School of Informatics and Computing, IUPUI"}, {"_rollNo": "90911501", "_location": "", "_industry": "", "_profileLink": "https://in.linkedin.com/in/mayank-malde-53991b4a", "_name": "", "_eduList": [], "_designation": ""}, {"_rollNo": "90911509", "_location": "", "_industry": "", "_profileLink": "https://in.linkedin.com/in/simmi-verma-9118b064", "_name": "", "_eduList": [], "_designation": ""}, {"_rollNo": "90911513", "_location": "", "_industry": "", "_profileLink": "https://in.linkedin.com/in/praveen-singh-a0b69a32", "_name": "", "_eduList": [], "_designation": ""}, {"_rollNo": "90911523"}, {"_rollNo": "90911525", "_location": "", "_industry": "", "_profileLink": "https://in.linkedin.com/in/dhruv-seth-a1043935", "_name": "", "_eduList": [], "_designation": ""}, {"_rollNo": "90911533", "_location": "", "_industry": "", "_profileLink": "https://in.linkedin.com/in/rahul-gupta-4167679a", "_name": "", "_eduList": [], "_designation": ""}, {"_rollNo": "90911545", "_location": "", "_industry": "", "_profileLink": "https://kw.linkedin.com/in/rakshitha-bhandary-6b1b1a76", "_name": "", "_eduList": [], "_designation": ""}, {"_rollNo": "90911551"}, {"_rollNo": "90911554", "_location": "", "_industry": "", "_profileLink": "https://in.linkedin.com/in/james-madhu-2057a7b0", "_name": "", "_eduList": [], "_designation": ""}, {"_rollNo": "90911562", "_location": "Brooklyn, New York", "_industry": "Computer Software", "_profileLink": "https://www.linkedin.com/in/yashi-amola-26ba3917", "_name": "Yashi Amola", "_eduList": [{"_major": "Computer Science", "_degree": "Master's degree, ", "_date": "2014 - 2016", "_instituteName": "NYU Tandon School of Engineering"}, {"_major": "Information Technology", "_degree": "Bachelor's degree, ", "_date": "2009 - 2013", "_instituteName": "Manipal Institute of Technology"}], "_designation": "Master's degree in Computer Science--"}, {"_rollNo": "90911566"}, {"_rollNo": "90911572", "_location": "", "_industry": "", "_profileLink": "https://in.linkedin.com/in/ankitajaiswal1", "_name": "", "_eduList": [], "_designation": ""}, {"_rollNo": "90911574", "_location": "", "_industry": "", "_profileLink": "https://in.linkedin.com/in/shatakshi-sharma-20b49b4a", "_name": "", "_eduList": [], "_designation": ""}, {"_rollNo": "90911580", "_location": "", "_industry": "", "_profileLink": "https://in.linkedin.com/in/iftekhar-hussain-05050079", "_name": "", "_eduList": [], "_designation": ""}, {"_rollNo": "90911588"}, {"_rollNo": "90911570", "_location": "", "_industry": "", "_profileLink": "https://in.linkedin.com/in/eshita-gulaiya-9a670989", "_name": "", "_eduList": [], "_designation": ""}, {"_rollNo": "90911596"}, {"_rollNo": "80911099", "_location": "", "_industry": "", "_profileLink": "https://in.linkedin.com/in/parnika-mishra-34137a64", "_name": "", "_eduList": [], "_designation": ""}, {"_rollNo": "80911268", "_location": "", "_industry": "", "_profileLink": "https://in.linkedin.com/in/swapnil-jain-b9091020", "_name": "", "_eduList": [], "_designation": ""}, {"_rollNo": "80911039", "_location": "", "_industry": "", "_profileLink": "https://ca.linkedin.com/in/macbeth-vaz-45401b67", "_name": "", "_eduList": [], "_designation": ""}, {"_rollNo": "80911458"}, {"_rollNo": "90911009", "_location": "Redwood City, California", "_industry": "Computer Software", "_profileLink": "https://www.linkedin.com/in/manasvivohra", "_name": "Manasvi Vohra", "_eduList": [{"_major": "Computer Science", "_degree": "Master of Science (MS), ", "_date": "2013 - 2014", "_instituteName": "Columbia University in the City of New York"}, {"_major": "Information Technology", "_degree": "Bachelor of Engineering (BEng), ", "_date": "2009 - 2013", "_instituteName": "Manipal Institute of Technology"}], "_company": [{"company": "Oracle"}], "_designation": "Member of Technical Staff, Oracle"}, {"_rollNo": "90911012", "_location": "", "_industry": "", "_profileLink": "https://in.linkedin.com/in/supriyaa-davar-1206b519", "_name": "", "_eduList": [], "_designation": ""}, {"_rollNo": "90911020", "_location": "", "_industry": "", "_profileLink": "https://uk.linkedin.com/in/meryl-leona-machado-88221645", "_name": "", "_eduList": [], "_designation": ""}, {"_rollNo": "90911022"}, {"_rollNo": "90911051", "_location": "Greater Boston Area", "_industry": "Information Technology and Services", "_profileLink": "https://www.linkedin.com/in/jigisha-sinha-8763b2bb", "_name": "Jigisha Sinha", "_eduList": [{"_major": "Information Technology", "_degree": "Master\u2019s Degree, ", "_date": "2015 - 2017", "_instituteName": "Worcester Polytechnic Institute"}, {"_major": "Information Technology", "_degree": "Bachelor of Engineering (BE), ", "_date": "2009 - 2013", "_instituteName": "Manipal Institute of Technology"}, {"_major": "Computer Science", "_date": "2007 - 2009", "_instituteName": "Amity International School"}, {"_major": "Computer Science", "_date": "2003 - 2007", "_instituteName": "Gokuldham High School"}], "_company": [{"company": "Corporate and Professional Education"}, {"company": "Worcester Polytechnic Institute"}], "_designation": "Actively seeking Summer Internship for 2016"}, {"_rollNo": "90911215", "_location": "", "_industry": "", "_profileLink": "https://in.linkedin.com/in/abir-kapur-31205525", "_name": "", "_eduList": [], "_designation": ""}, {"_rollNo": "90911217", "_location": "", "_industry": "", "_profileLink": "https://in.linkedin.com/in/sumit-agrawal-1a962743", "_name": "", "_eduList": [], "_designation": ""}, {"_rollNo": "90911231"}, {"_rollNo": "90911243", "_location": "Tempe, Arizona", "_industry": "Information Technology and Services", "_profileLink": "https://www.linkedin.com/in/vipul-sarin-a5058575", "_name": "Vipul Sarin", "_eduList": [{"_major": "Information Technology", "_degree": "Master\u2019s Degree, ", "_date": "2015 - 2017", "_instituteName": "Arizona State University"}, {"_major": "Information Technology", "_degree": "Bachelor of Engineering (B.E.), ", "_date": "2009 - 2013", "_instituteName": "Manipal Institute of Technology,Manipal University"}, {"_major": "CBSE-PCMC", "_degree": "12th, ", "_date": "2003 - 2008", "_instituteName": "Delhi Public School Bangalore North-KarnatakaCBSE"}], "_designation": "Information Technology Graduate Student at ASU"}, {"_rollNo": "90911255", "_location": "", "_industry": "", "_profileLink": "https://in.linkedin.com/in/surabhi-singh-6a1b9b57", "_name": "", "_eduList": [], "_designation": ""}, {"_rollNo": "90911259", "_location": "", "_industry": "", "_profileLink": "https://in.linkedin.com/in/jeetharshal", "_name": "", "_eduList": [], "_designation": ""}, {"_rollNo": "90911267", "_location": "", "_industry": "", "_profileLink": "https://in.linkedin.com/in/sumedha-swaroop-029a7057", "_name": "", "_eduList": [], "_designation": ""}, {"_rollNo": "90911275", "_location": "", "_industry": "", "_profileLink": "https://in.linkedin.com/in/suman-saurabh-30a258a8", "_name": "", "_eduList": [], "_designation": ""}, {"_rollNo": "90911283"}, {"_rollNo": "90911341", "_location": "", "_industry": "", "_profileLink": "https://in.linkedin.com/in/kshitiz-garg-b3986b5a", "_name": "", "_eduList": [], "_designation": ""}, {"_rollNo": "90911359", "_location": "", "_industry": "", "_profileLink": "https://in.linkedin.com/in/vineet-basantani-7b8545a0", "_name": "", "_eduList": [], "_designation": ""}, {"_rollNo": "90911387", "_location": "", "_industry": "", "_profileLink": "https://in.linkedin.com/in/srivastavat", "_name": "", "_eduList": [], "_designation": ""}, {"_rollNo": "90911389", "_location": "Bengaluru, Karnataka, India", "_industry": "Information Technology and Services", "_profileLink": "https://www.linkedin.com/in/sudipta-chakravarti-a8bb3417?authType=NAME_SEARCH&authToken=7t3E&locale=en_US&srchid=3763225481456373528021&srchindex=1&srchtotal=1&trk=vsrp_people_res_name&trkInfo=VSRPsearchId%3A3763225481456373528021%2CVSRPtargetId%3A59541515%2CVSRPcmpt%3Aprimary%2CVSRPnm%3Atrue%2CauthType%3ANAME_SEARCH", "_name": "Sudipta Chakravarti", "_eduList": [{"_date": "2009 - 2013", "_instituteName": "Manipal Institute of Technology"}, {"_major": "Science", "_degree": "High School Graduate, ", "_date": "2007 - 2009", "_instituteName": "Jvm, shyamali"}], "_designation": "Senior Developer at Mu Sigma Inc."}, {"_rollNo": "90911391", "_location": "", "_industry": "", "_profileLink": "https://in.linkedin.com/in/ivikash", "_name": "", "_eduList": [], "_designation": ""}, {"_rollNo": "90911407", "_location": "", "_industry": "", "_profileLink": "https://in.linkedin.com/in/anvita-ratan-250b3059", "_name": "", "_eduList": [], "_designation": ""}, {"_rollNo": "90911413"}, {"_rollNo": "90911421", "_location": "Raleigh, North Carolina", "_industry": "Computer Software", "_profileLink": "https://www.linkedin.com/in/kartikeya-pharasi-b19a948b", "_name": "Kartikeya Pharasi", "_eduList": [{"_major": "Computer Science", "_degree": "Master's degree, ", "_date": "2015 - 2017", "_instituteName": "North Carolina State University"}, {"_major": "Information Technology", "_degree": "Bachelor of Engineering (B.E.), ", "_date": "2009 - 2013", "_instituteName": "Manipal Institute of Technology"}, {"_date": "1995 - 2009", "_instituteName": "Modern School"}], "_designation": "Actively seeking Summer '16 Internship. Graduate Computer Science student at NC State University."}, {"_rollNo": "90911451", "_location": "", "_industry": "", "_profileLink": "https://in.linkedin.com/in/prashant-jain-94332135", "_name": "", "_eduList": [], "_designation": ""}, {"_rollNo": "90911465"}, {"_rollNo": "90911469", "_location": "", "_industry": "", "_profileLink": "https://in.linkedin.com/in/siddhartha-saurabh-bb930559", "_name": "", "_eduList": [], "_designation": ""}, {"_rollNo": "90911479"}, {"_rollNo": "90911483", "_location": "", "_industry": "", "_profileLink": "https://in.linkedin.com/in/kumari-satya-23846757", "_name": "", "_eduList": [], "_designation": ""}, {"_rollNo": "90911511", "_location": "", "_industry": "", "_profileLink": "https://in.linkedin.com/in/tushar-sharma-193a792a", "_name": "", "_eduList": [], "_designation": ""}, {"_rollNo": "90911515"}, {"_rollNo": "90911527", "_location": "", "_industry": "", "_profileLink": "https://in.linkedin.com/in/yashika-dhawan-57058563", "_name": "", "_eduList": [], "_designation": ""}, {"_rollNo": "90911531"}, {"_rollNo": "90911535"}, {"_rollNo": "90911537", "_location": "", "_industry": "", "_profileLink": "https://in.linkedin.com/in/kanishk-ghosh-06404548", "_name": "", "_eduList": [], "_designation": ""}, {"_rollNo": "90911539"}, {"_rollNo": "90911558", "_location": "", "_industry": "", "_profileLink": "https://in.linkedin.com/in/ajinkya-salunkhe-642b412b", "_name": "", "_eduList": [], "_designation": ""}, {"_rollNo": "90911568"}, {"_rollNo": "90911576", "_location": "", "_industry": "", "_profileLink": "https://in.linkedin.com/in/shivankrai", "_name": "", "_eduList": [], "_designation": ""}, {"_rollNo": "90911578"}, {"_rollNo": "90911582", "_location": "", "_industry": "", "_profileLink": "https://in.linkedin.com/in/soumil-roy-48411b45", "_name": "", "_eduList": [], "_designation": ""}, {"_rollNo": "90911594", "_location": "", "_industry": "", "_profileLink": "https://in.linkedin.com/in/abhineet-mishra-2633ab45", "_name": "", "_eduList": [], "_designation": ""}, {"_rollNo": "80911464"}, {"_rollNo": "90911600", "_location": "Tempe, Arizona", "_industry": "Computer Software", "_profileLink": "https://www.linkedin.com/in/mitikaa", "_name": "Mitikaa Sama", "_eduList": [{"_major": "Software Engineering", "_degree": "Master\u2019s Degree, ", "_date": "2015 - 2017", "_instituteName": "Ira A. Fulton Schools of Engineering at Arizona State University"}, {"_major": "Information Technology", "_degree": "Bachelor\u2019s Degree, ", "_date": "2009 - 2013", "_instituteName": "Manipal Institute of Technology"}], "_company": [{"company": "Arizona State University"}], "_designation": "Survey Researcher at Arizona State University"}, {"_rollNo": "80911101", "_location": "Denver, Colorado", "_industry": "Information Technology and Services", "_profileLink": "https://www.linkedin.com/in/manigudipati", "_name": "Manikanta Gudipati", "_eduList": [{"_major": "Management Information Systems", "_degree": "Master's degree, ", "_date": "2013 - 2015", "_instituteName": "University of Colorado Denver"}, {"_major": "Information Technology", "_degree": "B.E, ", "_date": "2008 - 2012", "_instituteName": "Manipal Institute of Technology"}, {"_date": "2005 - 2008", "_instituteName": "Shantiniketan Vidyalaya"}], "_designation": "Data Analyst at ServiceLink"}, {"_rollNo": "70911208", "_location": "", "_industry": "", "_profileLink": "https://in.linkedin.com/in/debojyoti-chaudhuri-95083328", "_name": "", "_eduList": [], "_designation": ""}, {"_rollNo": "80911103", "_location": "", "_industry": "", "_profileLink": "https://in.linkedin.com/in/rohan-aranha-13a71b28", "_name": "", "_eduList": [], "_designation": ""}]