[{"_rollNo": "100911001", "_location": "", "_industry": "", "_profileLink": "https://in.linkedin.com/in/harsh-misra-99115bba", "_name": "", "_eduList": [], "_designation": ""}, {"_rollNo": "100911163", "_location": "", "_industry": "", "_profileLink": "https://in.linkedin.com/in/sourodeep-banerjee-7a651227", "_name": "", "_eduList": [], "_designation": ""}, {"_rollNo": "100911177", "_location": "", "_industry": "", "_profileLink": "https://in.linkedin.com/in/abhinav-mishra-6a260865", "_name": "", "_eduList": [], "_designation": ""}, {"_rollNo": "100911179", "_location": "", "_industry": "", "_profileLink": "https://in.linkedin.com/in/aayush-jain-b0708293", "_name": "", "_eduList": [], "_designation": ""}, {"_rollNo": "100911185", "_location": "", "_industry": "", "_profileLink": "https://in.linkedin.com/in/kkarthikprabhu", "_name": "", "_eduList": [], "_designation": ""}, {"_rollNo": "100911187", "_location": "", "_industry": "", "_profileLink": "https://in.linkedin.com/in/amina-shaikh-85639b79", "_name": "", "_eduList": [], "_designation": ""}, {"_rollNo": "100911195", "_location": "", "_industry": "", "_profileLink": "https://in.linkedin.com/in/saurabh-bindal-b1ba3a6b", "_name": "", "_eduList": [], "_designation": ""}, {"_rollNo": "100911213", "_location": "", "_industry": "", "_profileLink": "https://in.linkedin.com/in/shubhang-seth-01841b79", "_name": "", "_eduList": [], "_designation": ""}, {"_rollNo": "100911221", "_location": "", "_industry": "", "_profileLink": "https://in.linkedin.com/in/nissanmodi", "_name": "", "_eduList": [], "_designation": ""}, {"_rollNo": "100911307", "_location": "", "_industry": "", "_profileLink": "https://in.linkedin.com/in/sapan-singh-a2a05a83", "_name": "", "_eduList": [], "_designation": ""}, {"_rollNo": "100911353", "_location": "", "_industry": "", "_profileLink": "https://in.linkedin.com/in/anishwadhwa16", "_name": "", "_eduList": [], "_designation": ""}, {"_rollNo": "100911373", "_location": "", "_industry": "", "_profileLink": "https://in.linkedin.com/in/shaifalikansal", "_name": "", "_eduList": [], "_designation": ""}, {"_rollNo": "100911407", "_location": "", "_industry": "", "_profileLink": "https://in.linkedin.com/in/arjunmukho", "_name": "", "_eduList": [], "_designation": ""}, {"_rollNo": "100911439", "_location": "", "_industry": "", "_profileLink": "https://in.linkedin.com/in/daisy-uppal-72305333", "_name": "", "_eduList": [], "_designation": ""}, {"_rollNo": "100911441", "_location": "", "_industry": "", "_profileLink": "https://in.linkedin.com/in/mittalrahul90", "_name": "", "_eduList": [], "_designation": ""}, {"_rollNo": "100911447", "_location": "", "_industry": "", "_profileLink": "https://in.linkedin.com/in/saaisha-singh-45a660ab", "_name": "", "_eduList": [], "_designation": ""}, {"_rollNo": "100911477", "_location": "", "_industry": "", "_profileLink": "https://in.linkedin.com/in/chaitanyakumar2", "_name": "", "_eduList": [], "_designation": ""}, {"_rollNo": "100911530", "_location": "", "_industry": "", "_profileLink": "https://in.linkedin.com/in/akshay-paliwal-4ab36179", "_name": "", "_eduList": [], "_designation": ""}, {"_rollNo": "100911537", "_location": "", "_industry": "", "_profileLink": "https://in.linkedin.com/in/aishika-bhattacharya-09069757", "_name": "", "_eduList": [], "_designation": ""}, {"_rollNo": "100911563", "_location": "", "_industry": "", "_profileLink": "https://in.linkedin.com/in/jaskaranrana", "_name": "", "_eduList": [], "_designation": ""}, {"_rollNo": "100911521", "_location": "", "_industry": "", "_profileLink": "https://in.linkedin.com/in/alfi-goyal-48003032", "_name": "", "_eduList": [], "_designation": ""}, {"_rollNo": "100911545", "_location": "", "_industry": "", "_profileLink": "https://in.linkedin.com/in/sahil-aggarwal-445bbb51", "_name": "", "_eduList": [], "_designation": ""}, {"_rollNo": "100911547", "_location": "", "_industry": "", "_profileLink": "https://in.linkedin.com/in/ankita-agrawal-6623a06b", "_name": "", "_eduList": [], "_designation": ""}, {"_rollNo": "100911571", "_location": "", "_industry": "", "_profileLink": "https://in.linkedin.com/in/sanya-ralhan-52053467", "_name": "", "_eduList": [], "_designation": ""}, {"_rollNo": "100911119", "_location": "", "_industry": "", "_profileLink": "https://au.linkedin.com/in/chaudharyarjun", "_name": "", "_eduList": [], "_designation": ""}, {"_rollNo": "100911032", "_location": "", "_industry": "", "_profileLink": "https://in.linkedin.com/in/anuj-saboo-82a10490", "_name": "", "_eduList": [], "_designation": ""}, {"_rollNo": "100911048", "_location": "", "_industry": "", "_profileLink": "https://in.linkedin.com/in/anurag-sharma-6a776356", "_name": "", "_eduList": [], "_designation": ""}, {"_rollNo": "100911053", "_location": "", "_industry": "", "_profileLink": "https://in.linkedin.com/in/ananthshenoyh", "_name": "", "_eduList": [], "_designation": ""}, {"_rollNo": "100911127", "_location": "", "_industry": "", "_profileLink": "https://in.linkedin.com/in/shivangi-singh-b5038187", "_name": "", "_eduList": [], "_designation": ""}, {"_rollNo": "100911151", "_location": "", "_industry": "", "_profileLink": "https://in.linkedin.com/in/gorav-sharma-79047574", "_name": "", "_eduList": [], "_designation": ""}, {"_rollNo": "100911227", "_location": "", "_industry": "", "_profileLink": "https://in.linkedin.com/in/rahul-girdhar-13144257", "_name": "", "_eduList": [], "_designation": ""}, {"_rollNo": "100911231", "_location": "", "_industry": "", "_profileLink": "https://in.linkedin.com/in/vivek-jajodia-9b541828", "_name": "", "_eduList": [], "_designation": ""}, {"_rollNo": "100911285", "_location": "", "_industry": "", "_profileLink": "https://in.linkedin.com/in/raupadhyaya", "_name": "", "_eduList": [], "_designation": ""}, {"_rollNo": "100911303", "_location": "", "_industry": "", "_profileLink": "https://in.linkedin.com/in/prerna-nawka-697a1483", "_name": "", "_eduList": [], "_designation": ""}, {"_rollNo": "100911325", "_location": "", "_industry": "", "_profileLink": "https://in.linkedin.com/in/ayushibhatnagar", "_name": "", "_eduList": [], "_designation": ""}, {"_rollNo": "100911347", "_location": "Raleigh, North Carolina", "_industry": "Computer Networking", "_profileLink": "https://www.linkedin.com/in/matrika-rohatgi-91192a18", "_name": "Matrika Rohatgi", "_eduList": [{"_major": "Computer Networking", "_degree": "Master of Science (M.S.), ", "_date": "2015 - 2017", "_instituteName": "North Carolina State University"}, {"_major": "Information Technology", "_degree": "Bachelor of Engineering (B.E.), ", "_date": "2010 - 2014", "_instituteName": "Manipal Institute of Technology"}, {"_date": "1997 - 2009", "_instituteName": "MSMSV"}], "_designation": "Student at North Carolina State University"}, {"_rollNo": "100911355", "_location": "", "_industry": "", "_profileLink": "https://in.linkedin.com/in/gyanesh-gouraw-92167779", "_name": "", "_eduList": [], "_designation": ""}, {"_rollNo": "100911383", "_location": "", "_industry": "", "_profileLink": "https://in.linkedin.com/in/ahmad212", "_name": "", "_eduList": [], "_designation": ""}, {"_rollNo": "100911399", "_location": "", "_industry": "", "_profileLink": "https://in.linkedin.com/in/rachit-thirani-25aa7665", "_name": "", "_eduList": [], "_designation": ""}, {"_rollNo": "100911419", "_location": "", "_industry": "", "_profileLink": "https://in.linkedin.com/in/ruchika-poddar-56691588", "_name": "", "_eduList": [], "_designation": ""}, {"_rollNo": "100911427", "_location": "", "_industry": "", "_profileLink": "https://in.linkedin.com/in/dhanush-shetty-306aaa50", "_name": "", "_eduList": [], "_designation": ""}, {"_rollNo": "100911467", "_location": "", "_industry": "", "_profileLink": "https://in.linkedin.com/in/arushi-sinha-56b23055", "_name": "", "_eduList": [], "_designation": ""}, {"_rollNo": "100911471", "_location": "", "_industry": "", "_profileLink": "https://in.linkedin.com/in/akash-israni-3952b572", "_name": "", "_eduList": [], "_designation": ""}, {"_rollNo": "100911483", "_location": "", "_industry": "", "_profileLink": "https://in.linkedin.com/in/ajinkya-dhaigude-1140697a", "_name": "", "_eduList": [], "_designation": ""}, {"_rollNo": "100911522", "_location": "", "_industry": "", "_profileLink": "https://in.linkedin.com/in/vachan-shetty-1a037a64", "_name": "", "_eduList": [], "_designation": ""}, {"_rollNo": "100911533", "_location": "", "_industry": "", "_profileLink": "https://in.linkedin.com/in/abhinesh-pareek-15049557", "_name": "", "_eduList": [], "_designation": ""}, {"_rollNo": "100911532", "_location": "", "_industry": "", "_profileLink": "https://in.linkedin.com/in/priankashukla", "_name": "", "_eduList": [], "_designation": ""}, {"_rollNo": "100911526", "_location": "", "_industry": "", "_profileLink": "https://in.linkedin.com/in/vidhi-agarwal-90aa63a7", "_name": "", "_eduList": [], "_designation": ""}, {"_rollNo": "100911575", "_location": "", "_industry": "", "_profileLink": "https://in.linkedin.com/in/deepankar-tripathi-4340ba68", "_name": "", "_eduList": [], "_designation": ""}, {"_rollNo": "100911157", "_location": "", "_industry": "", "_profileLink": "https://in.linkedin.com/in/priyanka-arora-a3b66551", "_name": "", "_eduList": [], "_designation": ""}, {"_rollNo": "100911016", "_location": "", "_industry": "", "_profileLink": "https://in.linkedin.com/in/nikita-saxena-26705664", "_name": "", "_eduList": [], "_designation": ""}, {"_rollNo": "100911042", "_location": "", "_industry": "", "_profileLink": "https://in.linkedin.com/in/abhyudaya-gupta-90754532", "_name": "", "_eduList": [], "_designation": ""}, {"_rollNo": "100911045", "_location": "", "_industry": "", "_profileLink": "https://in.linkedin.com/in/nivedita-munjal-70641379", "_name": "", "_eduList": [], "_designation": ""}, {"_rollNo": "100911047", "_location": "", "_industry": "", "_profileLink": "https://in.linkedin.com/in/akshayrawat047", "_name": "", "_eduList": [], "_designation": ""}, {"_rollNo": "100911205", "_location": "", "_industry": "", "_profileLink": "https://in.linkedin.com/in/ishaan-jain-1674b979", "_name": "", "_eduList": [], "_designation": ""}, {"_rollNo": "100911209", "_location": "", "_industry": "", "_profileLink": "https://in.linkedin.com/in/rohini-kapoor-92137979", "_name": "", "_eduList": [], "_designation": ""}, {"_rollNo": "100911211", "_location": "", "_industry": "", "_profileLink": "https://in.linkedin.com/in/akshatha-bhat-b93963a1", "_name": "", "_eduList": [], "_designation": ""}, {"_rollNo": "100911229", "_location": "", "_industry": "", "_profileLink": "https://in.linkedin.com/in/kumaranupama", "_name": "", "_eduList": [], "_designation": ""}, {"_rollNo": "100911241", "_location": "", "_industry": "", "_profileLink": "https://in.linkedin.com/in/mokshabhargava", "_name": "", "_eduList": [], "_designation": ""}, {"_rollNo": "100911251", "_location": "Gainesville, Florida", "_industry": "", "_profileLink": "https://www.linkedin.com/in/suryansh-singh-5b7131b2", "_name": "Suryansh Singh", "_eduList": [{"_major": "Computer Science", "_degree": "Master's Degree, ", "_date": "2015 - 2016", "_instituteName": "University of Florida"}, {"_major": "Information Technology", "_degree": "Bachelor's Degree, ", "_date": "2010 - 2014", "_instituteName": "Manipal Institute of Technology"}], "_designation": "Student at University of Florida"}, {"_rollNo": "100911283", "_location": "", "_industry": "", "_profileLink": "https://in.linkedin.com/in/aayush-kothari-77b80b44", "_name": "", "_eduList": [], "_designation": ""}, {"_rollNo": "100911317", "_location": "Durham, North Carolina", "_industry": "Financial Services", "_profileLink": "https://www.linkedin.com/in/purisahil", "_name": "Sahil Puri", "_eduList": [{"_major": "Business Administration and Management, General", "_degree": "Master of Management Studies, ", "_date": "2015 - 2016", "_instituteName": "Duke University - The Fuqua School of Business"}, {"_major": "Information Technology", "_degree": "Bachelor of Engineering (B.E.), ", "_date": "2010 - 2014", "_instituteName": "Manipal Institute of Technology"}, {"_major": "Mathematics and Computer Science", "_degree": "High School, ", "_date": "2007 - 2010", "_instituteName": "Ryan international School, Greater Noida"}], "_company": [{"company": "Praksara"}], "_designation": "Master of Management Studies candidate at Duke University"}, {"_rollNo": "100911319", "_location": "", "_industry": "", "_profileLink": "https://in.linkedin.com/in/vishvam-raval-45902167", "_name": "", "_eduList": [], "_designation": ""}, {"_rollNo": "100911323", "_location": "", "_industry": "", "_profileLink": "https://in.linkedin.com/in/srishti-parakh-14383974", "_name": "", "_eduList": [], "_designation": ""}, {"_rollNo": "100911331", "_location": "Harrison, New Jersey", "_industry": "Information Technology and Services", "_profileLink": "https://www.linkedin.com/in/saatvikrvs", "_name": "Vishnu Saatvik Ramisetty", "_eduList": [{"_major": "Computer Science", "_degree": "Master's Degree, ", "_date": "2015 - 2017", "_instituteName": "New Jersey Institute of Technology"}, {"_major": "Information Technology", "_degree": "Bachelor of Engineering (BE), ", "_date": "2010 - 2014", "_instituteName": "Manipal Institute of Technology"}, {"_date": "2006 - 2008", "_instituteName": "Bhavan's Sri Ramakrishna Vidyalaya"}], "_company": [{"company": "New Jersey Institute of Technology"}], "_designation": "Seeking Internship Opportunities | Research Assistant at New Jersey Institute of Technology"}, {"_rollNo": "100911381", "_location": "", "_industry": "", "_profileLink": "https://in.linkedin.com/in/gaurav-kashyap-a93485b6", "_name": "", "_eduList": [], "_designation": ""}, {"_rollNo": "100911429", "_location": "", "_industry": "", "_profileLink": "https://in.linkedin.com/in/aditya-kumar-52332a7b", "_name": "", "_eduList": [], "_designation": ""}, {"_rollNo": "100911431", "_location": "", "_industry": "", "_profileLink": "https://in.linkedin.com/in/swastik-kumar-605b921a", "_name": "", "_eduList": [], "_designation": ""}, {"_rollNo": "100911443", "_location": "", "_industry": "", "_profileLink": "https://in.linkedin.com/in/sneha0705", "_name": "", "_eduList": [], "_designation": ""}, {"_rollNo": "100911455", "_location": "Syracuse, New York", "_industry": "Information Technology and Services", "_profileLink": "https://www.linkedin.com/in/vishakhviswanathan", "_name": "Vishakh Viswanathan", "_eduList": [{"_major": "Information Management", "_degree": "Master of Science (MS), ", "_date": "2014 - 2016", "_instituteName": "Syracuse University"}, {"_major": "Information Technology", "_degree": "Bachelor of Technology (BTech), ", "_date": "2010 - 2014", "_instituteName": "Manipal Institute of Technology"}], "_company": [{"company": "Syracuse University"}], "_designation": "MS Information Management | Syracuse University"}, {"_rollNo": "100911459", "_location": "", "_industry": "", "_profileLink": "https://in.linkedin.com/in/sahil-agarwal-b235316a", "_name": "", "_eduList": [], "_designation": ""}, {"_rollNo": "100911475", "_location": "", "_industry": "", "_profileLink": "https://in.linkedin.com/in/kumar-rishav-7b024564", "_name": "", "_eduList": [], "_designation": ""}, {"_rollNo": "100911493", "_location": "", "_industry": "", "_profileLink": "https://in.linkedin.com/in/ritikajain192", "_name": "", "_eduList": [], "_designation": ""}, {"_rollNo": "100911539", "_location": "", "_industry": "", "_profileLink": "https://in.linkedin.com/in/harshita-sinha-44686650", "_name": "", "_eduList": [], "_designation": ""}, {"_rollNo": "100911555", "_location": "", "_industry": "", "_profileLink": "https://in.linkedin.com/in/amanbedi21", "_name": "", "_eduList": [], "_designation": ""}, {"_rollNo": "100911519", "_location": "", "_industry": "", "_profileLink": "https://in.linkedin.com/in/praneet-jain-36287328", "_name": "", "_eduList": [], "_designation": ""}, {"_rollNo": "100911543", "_location": "", "_industry": "", "_profileLink": "https://www.linkedin.com/in/moumita-halder-6529b0b3", "_name": "", "_eduList": [], "_designation": ""}, {"_rollNo": "100911535", "_location": "", "_industry": "", "_profileLink": "https://in.linkedin.com/in/aditi-iyer-5b88b279", "_name": "", "_eduList": [], "_designation": ""}, {"_rollNo": "100911559", "_location": "", "_industry": "", "_profileLink": "https://in.linkedin.com/in/yugansh-aggarwal-16338b67", "_name": "", "_eduList": [], "_designation": ""}, {"_rollNo": "100911516", "_location": "", "_industry": "", "_profileLink": "https://ch.linkedin.com/in/mansooranwarahmed", "_name": "", "_eduList": [], "_designation": ""}, {"_rollNo": "100911553", "_location": "", "_industry": "", "_profileLink": "https://in.linkedin.com/in/mahesh-madhukar-868708a1", "_name": "", "_eduList": [], "_designation": ""}, {"_rollNo": "100911557", "_location": "Greater New York City Area", "_industry": "Computer Software", "_profileLink": "https://www.linkedin.com/in/adit-popli-79b66a6a", "_name": "Adit Popli", "_eduList": [{"_major": "Computer Science", "_degree": "Master\u2019s Degree, ", "_date": "2014 - 2016", "_instituteName": "New York University"}, {"_major": "Information Technology", "_degree": "Bachelor of Engineering (B.E.), ", "_date": "2010 - 2014", "_instituteName": "Manipal Institute of Technology"}, {"_major": "Computer Science", "_date": "1996 - 2010", "_instituteName": "Bal Bharati Public School, Ganga Ram Marg"}], "_company": [{"company": "New York University"}], "_designation": "Seeking Full-Time Opportunities | Computer Science Graduate Student"}]