[{"_rollNo": "070911098", "_location": "Hyderabad, Telangana, India", "_industry": "Computer Software", "_profileLink": "https://www.linkedin.com/in/rohit-chokhani-2a78ba96", "_name": "Rohit Chokhani", "_eduList": [{"_major": "Computer Science", "_degree": "Master of Technology (M.Tech.), ", "_date": "2012 - 2014", "_instituteName": "Chaitanya Bharathi Institute Of Technology"}, {"_major": "Information Technology", "_degree": "Bachelor of Technology (B.Tech.), ", "_date": "2007 - 2012", "_instituteName": "Manipal Institute of Technology"}, {"_date": "2005 - 2007", "_instituteName": "FIITJEE"}, {"_degree": "10th", "_date": "1998 - 2005", "_instituteName": "Hyderabad Public School"}], "_designation": "Business Technology Analyst at Deloitte U.S. India offices"}, {"_rollNo": "080911006", "_location": "Sunnyvale, California", "_industry": "Research", "_profileLink": "https://www.linkedin.com/in/kavya-srinet-54b2a660", "_name": "Kavya Srinet", "_eduList": [{"_major": "Computational Data Science", "_degree": "Master's Degree, ", "_date": "2014 - 2015", "_instituteName": "Carnegie Mellon University"}, {"_major": "Information Technology", "_degree": "Bachelor's Degree, ", "_date": "2008 - 2012", "_instituteName": "Manipal Institute of Technology"}], "_company": [{"company": "Baidu USA"}], "_designation": "Machine Learning Engineer at Baidu Research"}, {"_rollNo": "080911009"}, {"_rollNo": "080911015", "_location": "Singapore", "_industry": "Market Research", "_profileLink": "https://www.linkedin.com/in/shashank-sharma-a474045a", "_name": "Shashank Sharma", "_eduList": [{"_major": "Contemporary Marketing Management", "_degree": "Masters of Global Business, ", "_date": "2015 - 2016", "_instituteName": "SP Jain School of Global Management"}, {"_major": "Information Technology", "_degree": "Bachelor of Engineering (B.E.), ", "_date": "2008 - 2012", "_instituteName": "Manipal Institute of Technology"}, {"_degree": "Higher Secondary School Certificate", "_date": "", "_instituteName": "Apeejay School"}], "_designation": "Market Research | Consumer Insights | Brand Management | Student of Marketing at SP Jain School of Global Management"}, {"_rollNo": "080911019", "_location": "New Delhi Area, India", "_industry": "Information Technology and Services", "_profileLink": "https://www.linkedin.com/in/sajal-mittal-88776960", "_name": "Sajal Mittal", "_eduList": [{"_major": "Information Technology", "_degree": "Bachelor of Technology (BTech), ", "_date": "2008 - 2012", "_instituteName": "MIT Manipal"}], "_designation": "Attended MIT Manipal"}, {"_rollNo": "080911045", "_location": "Stuttgart Area, Germany", "_industry": "Computer Software", "_profileLink": "https://www.linkedin.com/in/somayajamil", "_name": "Somaya Jamil", "_eduList": [{"_major": "Distributed Software Systems", "_degree": "Master of Science (M.Sc.), ", "_date": "2014 - 2016", "_instituteName": "Technische Universit\u00e4t Darmstadt"}, {"_major": "Information Technology", "_degree": "Bachelor of Engineering (B.E.), ", "_date": "2008 - 2012", "_instituteName": "Manipal Institute of Technology"}], "_company": [{"company": "IBM Deutschland GmbH"}], "_designation": "Cloud computing and Distributed systems enthusiast!"}, {"_rollNo": "080911049", "_location": "Mumbai, Maharashtra, India", "_industry": "Marketing and Advertising", "_profileLink": "https://www.linkedin.com/in/kumar-vivek-083753109", "_name": "kumar vivek", "_eduList": [{"_major": "Social Entrepreneurship ( School of Management and Labor Studies )", "_degree": "Master\u2019s Degree, ", "_date": "2014 - 2016", "_instituteName": "Tata Institute of Social Sciences"}, {"_major": "Information Technology", "_degree": "Bachelor\u2019s Degree, ", "_date": "2008 - 2012", "_instituteName": "Manipal Institute of Technology"}], "_designation": "Student at Tata Institute of Social Sciences"}, {"_rollNo": "080911055"}, {"_rollNo": "080911069"}, {"_rollNo": "080911073", "_location": "Pittsburgh, Pennsylvania", "_industry": "Computer Software", "_profileLink": "https://www.linkedin.com/in/ekanshjgupta", "_name": "Ekansh Gupta", "_eduList": [{"_major": "Computer Software Engineering", "_degree": "Master\u2019s Degree, ", "_date": "2015 - 2016", "_instituteName": "Carnegie Mellon University"}, {"_major": "Information Technology", "_degree": "Bachelor of Engineering (BE), ", "_date": "2008 - 2012", "_instituteName": "Manipal Institute of Technology"}, {"_major": "Science", "_degree": "Senior Secondary Certificate Examination, ", "_date": "2006 - 2008", "_instituteName": "Ryan International School, Delhi"}, {"_degree": "Secondary School Examination", "_date": "1998 - 2006", "_instituteName": "Birla School, Kalyan"}], "_designation": "Graduate Student at Carnegie Mellon University"}, {"_rollNo": "080911075", "_location": "Bengaluru, Karnataka, India", "_industry": "Information Technology and Services", "_profileLink": "https://www.linkedin.com/in/doyalsaha", "_name": "Doyal Saha", "_eduList": [{"_major": "International Business", "_degree": "Master of Business Administration (M.B.A.), ", "_date": "2015 - 2017", "_instituteName": "Symbiosis Institute of International Business"}, {"_major": "Information and Communication Technology", "_degree": "Bachelor's Degree, ", "_date": "2008 - 2012", "_instituteName": "Manipal Institute of Technology"}, {"_date": "1994 - 2008", "_instituteName": "Welland Gouldsmith School"}], "_designation": "Project Engineer"}, {"_rollNo": "080911154"}, {"_rollNo": "080911174"}, {"_rollNo": "080911190", "_location": "Munich Area, Germany", "_industry": "Computer Software", "_profileLink": "https://www.linkedin.com/in/ruh-ullah-shah-54287346", "_name": "Ruh Ullah Shah", "_eduList": [{"_major": "Informatics", "_degree": "Master of Science (M.Sc.), ", "_date": "2015 - 2017", "_instituteName": "Technical University Munich"}, {"_major": "Information Technology", "_degree": "B.E, ", "_date": "2008 - 2012", "_instituteName": "Manipal Institute of Technology"}, {"_major": "English, Physics, Chemistry, Maths, Computer Science", "_degree": "High School, ", "_date": "2005 - 2007", "_instituteName": "Modern School,Barakhamba Road,New Delhi"}, {"_major": "English, Physics, Chemistry, Maths", "_degree": "Secondary, ", "_date": "1992 - 2005", "_instituteName": "Tyndale Biscoe School,Srinagar,J & K"}], "_company": [{"company": "Intel Corporation"}], "_designation": "Student"}, {"_rollNo": "080911198", "_location": "Hyderabad, Telangana, India", "_industry": "Management Consulting", "_profileLink": "https://www.linkedin.com/in/akshata-dani-9623b943", "_name": "Akshata Dani", "_eduList": [{"_major": "Triple Specialisation- Major: Marketing, Minor: Finance, Sectoral: Business Analytics", "_degree": "Post graduation diploma in Management, ", "_date": "2013 - 2015", "_instituteName": "Siva Sivani Institute of Management"}, {"_degree": "BE", "_date": "2008 - 2012", "_instituteName": "Manipal Institute of Technology"}, {"_date": "", "_instituteName": "Blessed Alphonsa School"}, {"_major": "Physics, chemistry, maths, biology", "_date": "", "_instituteName": "Infant Jesus Composite PU college"}], "_company": [{"company": "GateForum"}], "_designation": "Assistant Manager- Marketing at GateForum"}, {"_rollNo": "080911200", "_location": "San Francisco Bay Area", "_industry": "Computer Software", "_profileLink": "https://www.linkedin.com/in/dhirgaurav", "_name": "Gaurav Dhir", "_eduList": [{"_major": "Information & Communication Technology", "_degree": "B. E, ", "_date": "2008 - 2012", "_instituteName": "Manipal Institute of Technology"}, {"_major": "Science, Maths, Computers, English", "_degree": "CBSE, ", "_date": "2006 - 2008", "_instituteName": "Delhi Public School - R. K. Puram"}, {"_major": "Science", "_degree": "ICSE, ", "_date": "1995 - 1995", "_instituteName": "Loyola School, Jamshedpur"}], "_designation": "Consultant at Deloitte"}, {"_rollNo": "080911204", "_location": "Bengaluru, Karnataka, India", "_industry": "Information Technology and Services", "_profileLink": "https://www.linkedin.com/in/arpit-bajpai-06514454", "_name": "ARPIT BAJPAI", "_eduList": [{"_major": "Computer Science", "_degree": "Master\u2019s Degree, ", "_date": "2015 - 2017", "_instituteName": "Technical University Munich"}, {"_major": "Information Technology", "_degree": "Bachelor of Engineering (B.E.), ", "_date": "2008 - 2012", "_instituteName": "Manipal Institute of Technology"}], "_designation": "Student at Technical University Munich"}, {"_rollNo": "080911214", "_location": "Paris Area, France", "_industry": "Research", "_profileLink": "https://www.linkedin.com/in/ishreyas", "_name": "Shreyas Aithal", "_eduList": [{"_major": "Entrepreneurship", "_degree": "Master in Management, ", "_date": "2015 - 2019", "_instituteName": "ESCP Europe"}, {"_major": "Information Technology", "_degree": "Bachelor of Engineering (B.E.), ", "_date": "2008 - 2012", "_instituteName": "Manipal Institute of Technology"}], "_company": [{"company": "Groupe Renault"}], "_designation": "Assistant Chef de Projet Social Business at Groupe Renault"}, {"_rollNo": "080911216", "_location": "New Delhi Area, India", "_industry": "Information Technology and Services", "_profileLink": "https://www.linkedin.com/in/om-nishant-5ab91816", "_name": "Om Nishant", "_eduList": [{"_major": "Information Technology", "_degree": "Bachelor of Engineering (B.E.), ", "_date": "2008 - 2012", "_instituteName": "Manipal Institute of Technology"}, {"_date": "2005 - 2007", "_instituteName": "Jawahar Vidya Mandir, Shyamali, Ranchi"}], "_designation": "Senior Software Engineer at Snapdeal"}, {"_rollNo": "080911250", "_location": "Bengaluru, Karnataka, India", "_industry": "Information Technology and Services", "_profileLink": "https://www.linkedin.com/in/viplov-patney-05569830", "_name": "Viplov Patney", "_eduList": [{"_major": "Information Technology", "_degree": "Bachelor of Engineering (B.E.), ", "_date": "2008 - 2012", "_instituteName": "Manipal Institute of Technology"}], "_designation": "Freelance developer / IT Consultant at Self Employed"}, {"_rollNo": "080911252", "_location": "Bengaluru, Karnataka, India", "_industry": "Information Technology and Services", "_profileLink": "https://www.linkedin.com/in/raunaq-akhauri-02761032", "_name": "Raunaq Akhauri", "_eduList": [{"_major": "Information Technology", "_degree": "Bachelor of Engineering (B.E), ", "_date": "2008 - 2012", "_instituteName": "Manipal Institute of Technology"}], "_company": [{"company": "Deloitte"}], "_designation": "Consultant at Deloitte Consulting"}, {"_rollNo": "080911274"}, {"_rollNo": "080911278", "_location": "Ahmedabad, Gujarat, India", "_industry": "Marketing and Advertising", "_profileLink": "https://www.linkedin.com/in/akanksha-gupta-b8014256", "_name": "Akanksha Gupta", "_eduList": [{"_major": "Strategic Marketing and Communications", "_degree": "Master of Business Administration (M.B.A.), ", "_date": "2015 - 2017", "_instituteName": "MICA"}, {"_major": "Information Technology", "_degree": "Bachelor of Engineering (BE) in Information Technology, ", "_date": "2008 - 2012", "_instituteName": "Manipal Institute of Technology"}, {"_degree": "High School", "_date": "1999 - 2008", "_instituteName": "Delhi Public School, Jhakri (Himachal Pradesh)"}], "_designation": "MBA student at MICA"}, {"_rollNo": "080911282", "_location": "Udipi Area, India", "_industry": "Computer Software", "_profileLink": "https://www.linkedin.com/in/apoorv-ujjwal-11b90317", "_name": "apoorv ujjwal", "_eduList": [{"_major": "Information Technology", "_degree": "Bachelor's degree, ", "_date": "2008 - 2012", "_instituteName": "Manipal Institute of Technology"}, {"_date": "", "_instituteName": "DPS Mathura Road"}], "_designation": "Application Developer at IBM"}, {"_rollNo": "080911290", "_location": "Singapore", "_industry": "", "_profileLink": "https://www.linkedin.com/in/ayushi-kamboj-930847105", "_name": "Ayushi Kamboj", "_eduList": [{"_major": "Masters of Computing, Information Systems", "_date": "2015 - 2016", "_instituteName": "National University of Singapore"}, {"_major": "B.E. Information and Communication Technology", "_date": "2008 - 2012", "_instituteName": "Manipal Institute of Technology"}, {"_degree": "High School", "_date": "", "_instituteName": "Delhi Public School, Vasant Kunj"}, {"_date": "", "_instituteName": "Sophia"}, {"_date": "", "_instituteName": "Sophia College For Women"}], "_company": [{"company": "National University of Singapore"}], "_designation": "Masters of Computing, Information Systems | Actively seeking full-time job opportunities"}, {"_rollNo": "080911296", "_location": "Varanasi Area, India", "_industry": "Computer Networking", "_profileLink": "https://www.linkedin.com/in/vaibhavjaiswal4u", "_name": "vaibhav jaiswal", "_eduList": [{"_major": "Information Technology", "_degree": "Bachelor of Engineering (BE), ", "_date": "2008 - 2012", "_instituteName": "Manipal Institute of Technology"}], "_designation": "Software Engineer at Ericsson"}, {"_rollNo": "080911312", "_location": "", "_industry": "", "_profileLink": "https://in.linkedin.com/in/mayanknayar", "_name": "", "_eduList": [], "_designation": ""}, {"_rollNo": "080911358"}, {"_rollNo": "080911374", "_location": "Meerut, Uttar Pradesh, India", "_industry": "Consumer Goods", "_profileLink": "https://www.linkedin.com/in/akanksha-agarwal-91279651", "_name": "Akanksha Agarwal", "_eduList": [{"_major": "Information Technology", "_degree": "Bachelor of Engineering (BE), ", "_date": "2008 - 2012", "_instituteName": "Manipal Institute of Technology"}, {"_major": "Science", "_degree": "11th and 12th, ", "_date": "2006 - 2008", "_instituteName": "Dewan Public School"}, {"_degree": "High School", "_date": "1994 - 2006", "_instituteName": "Sophia Girls School"}], "_designation": "Business Technology Analyst (BTA) at Deloitte"}, {"_rollNo": "080911380", "_location": "Tallahassee, Florida", "_industry": "Computer Software", "_profileLink": "https://www.linkedin.com/in/gaurav-sinha-52701065", "_name": "Gaurav Sinha", "_eduList": [{"_major": "Computer Science", "_degree": "Master\u2019s Degree, ", "_date": "2013 - 2016", "_instituteName": "Florida State University"}, {"_major": "Information Technology", "_degree": "Bachelor of Engineering (B.E.), ", "_date": "2008 - 2012", "_instituteName": "Manipal Institute of Technology"}, {"_date": "1996 - 2008", "_instituteName": "Delhi Public School - Faridabad"}], "_company": [{"company": "Florida State University"}], "_designation": "Seeking Full Time Software Engineer | Software Developer Position"}, {"_rollNo": "080911384", "_location": "United Arab Emirates", "_industry": "Marketing and Advertising", "_profileLink": "https://www.linkedin.com/in/nandini-pandya-91604966", "_name": "Nandini Pandya", "_eduList": [{"_major": "Information Technology", "_degree": "B.E. Information & Communication Technology, ", "_date": "2008 - 2012", "_instituteName": "Manipal Institute of Technology"}, {"_date": "2006 - 2008", "_instituteName": "Delhi Public School, Vasant Kunj, New Delhi"}], "_company": [{"company": "Chaos Global Pvt. Ltd."}], "_designation": "Account Manager at Chaos Global"}, {"_rollNo": "080911388"}, {"_rollNo": "080911392"}, {"_rollNo": "080911394", "_location": "New York, New York", "_industry": "Computer Software", "_profileLink": "https://www.linkedin.com/in/mosahni1", "_name": "Mohit Sahni", "_eduList": [{"_major": "Computer Science", "_degree": "Master's degree, ", "_date": "2014 - 2016", "_instituteName": "New York University"}, {"_major": "Information Technology", "_degree": "Bachelor of Engineering (B.E.), ", "_date": "2008 - 2012", "_instituteName": "Manipal Institute of Technology"}], "_company": [{"company": "New York University"}], "_designation": "Graduate Student at New York University actively seeking Full-Time opportunities"}, {"_rollNo": "080911404", "_location": "South Delhi, Delhi, India", "_industry": "Computer Software", "_profileLink": "https://www.linkedin.com/in/agarwalpranshu", "_name": "Pranshu Agarwal", "_eduList": [{"_major": "Information Technology", "_degree": "B.E., ", "_date": "2008 - 2012", "_instituteName": "Manipal Institute of Technology"}, {"_major": "Computer Science", "_degree": "SSC, ", "_date": "2006 - 2008", "_instituteName": "Mother's International School"}], "_designation": "ECommerce specialist"}, {"_rollNo": "080911406", "_location": "Greater Philadelphia Area", "_industry": "Financial Services", "_profileLink": "https://www.linkedin.com/in/udisha-singh-82b2131a", "_name": "Udisha Singh", "_eduList": [{"_major": "Management Information Systems", "_degree": "Master of Science (MS), ", "_date": "2013 - 2014", "_instituteName": "University of Maryland - Robert H. Smith School of Business"}, {"_major": "Information Technology", "_degree": "Bachelor of Engineering (BE), ", "_date": "2008 - 2012", "_instituteName": "Manipal Institute of Technology"}], "_designation": "Business Analyst at JPMorgan Chase & Co."}, {"_rollNo": "080911412"}, {"_rollNo": "080911422", "_location": "Gurgaon, Haryana, India", "_industry": "", "_profileLink": "https://www.linkedin.com/in/paranjay-nayak-a73245ab", "_name": "paranjay nayak", "_eduList": [{"_date": "2008 - 2012", "_instituteName": "Manipal Institute of Technology"}, {"_date": "", "_instituteName": "kv ofd"}, {"_date": "", "_instituteName": "kv ofd"}, {"_date": "", "_instituteName": "kv ofd"}], "_designation": "Attended Manipal Institute of Technology"}, {"_rollNo": "080911424", "_location": "Bengaluru, Karnataka, India", "_industry": "Information Technology and Services", "_profileLink": "https://www.linkedin.com/in/anshalanand", "_name": "Anshal Anand", "_eduList": [{"_major": "Information and Communication Technology", "_degree": "B.E, ", "_date": "2008 - 2012", "_instituteName": "Manipal Institute of Technology"}, {"_major": "Maths, Computer Science, Physics, Chemistry, English, Hindi", "_degree": "AISSCE, ", "_date": "2006 - 2008", "_instituteName": "B.D. Memorial Institute"}, {"_major": "Mathematics, Science, Social Studies, Hindi and English", "_degree": "AISSE, ", "_date": "2002 - 2006", "_instituteName": "B. D Memorial Institute"}], "_designation": "Product Manager at OYO Rooms"}, {"_rollNo": "080911436", "_location": "Urbana-Champaign, Illinois Area", "_industry": "Management Consulting", "_profileLink": "https://www.linkedin.com/in/hardikanarula", "_name": "Hardika Narula", "_eduList": [{"_major": "Management and Strategy", "_degree": "Master of Business Administration (M.B.A.), ", "_date": "2015 - 2017", "_instituteName": "University of Illinois at Urbana-Champaign - College of Business"}, {"_major": "Information Technology", "_degree": "Bachelor of Engineering, ", "_date": "2008 - 2012", "_instituteName": "Manipal Institute of Technology"}, {"_date": "2001 - 2008", "_instituteName": "Birla Vidya Niketan"}], "_company": [{"company": "University of Illinois at Urbana-Champaign"}, {"company": "Illinois Business Consulting"}], "_designation": "Senior Consultant at Illinois Business Consulting"}, {"_rollNo": "080911011", "_location": "United Kingdom", "_industry": "Higher Education", "_profileLink": "https://www.linkedin.com/in/divya-vij-12720a29", "_name": "Divya Vij", "_eduList": [{"_degree": "Master of Business Administration (M.B.A.)", "_date": "2015 - 2016", "_instituteName": "Strathclyde Business School"}, {"_major": "Information Technology", "_degree": "Bachelor's Degree, ", "_date": "2008 - 2012", "_instituteName": "Manipal Institute of Technology"}, {"_major": "Computer Science, Mathematics, Physics, Chemistry", "_degree": "CBSE Grade 12, ", "_date": "2005 - 2008", "_instituteName": "Our Own English High School, Dubai"}], "_designation": "MBA Student at Strathclyde Business School"}, {"_rollNo": "080911031", "_location": "Bengaluru Area, India", "_industry": "Information Technology and Services", "_profileLink": "https://www.linkedin.com/in/surbhi-gupta-65568339", "_name": "Surbhi Gupta", "_eduList": [{"_major": "Information and Communication Technology", "_degree": "Bachelor of Technology (B.Tech.), ", "_date": "2008 - 2012", "_instituteName": "Manipal Institute of Technology"}], "_designation": "Technical Writer at Software AG"}, {"_rollNo": "080911053", "_location": "Lucknow, Uttar Pradesh, India", "_industry": "Marketing and Advertising", "_profileLink": "https://www.linkedin.com/in/raghavagarwal13", "_name": "Raghav Agarwal", "_eduList": [{"_major": "Contemporary Marketing Management", "_degree": "Master of Global Business, ", "_date": "2014 - 2015", "_instituteName": "S P Jain School of Global Management"}, {"_major": "Information and Communication Technology", "_degree": "Bachelor of Engineering (BE), ", "_date": "2008 - 2012", "_instituteName": "Manipal Institute of Technology"}, {"_major": "PCM", "_degree": "ISC, ", "_date": "1994 - 2008", "_instituteName": "La Martiniere College"}], "_company": [{"company": "Sun-Moon Power"}], "_designation": "Master of Global Business, S P Jain School of Global Management"}, {"_rollNo": "080911061", "_location": "Gurgaon, India", "_industry": "Information Technology and Services", "_profileLink": "https://www.linkedin.com/in/avneet-rana-2a3aa443", "_name": "Avneet Rana", "_eduList": [{"_major": "Information Technology", "_degree": "Bachelor of Engineering (BE), ", "_date": "2008 - 2012", "_instituteName": "Manipal Institute of Technology"}], "_company": [{"company": "Tata Consultancy Services"}], "_designation": "Student at Manipal Institute of Technology"}, {"_rollNo": "080911085", "_location": "New Delhi Area, India", "_industry": "Consumer Electronics", "_profileLink": "https://www.linkedin.com/in/keshav-gupta-a220801a", "_name": "Keshav Gupta", "_eduList": [{"_major": "Information Technology", "_degree": "Bachelor of Engineering (B.E.), ", "_date": "2008 - 2012", "_instituteName": "Manipal Institute of Technology"}, {"_major": "Physics, Chemistry, Economics, Maths, English", "_degree": "High School, ", "_date": "1996 - 2008", "_instituteName": "Modern School"}], "_company": [{"company": "SYSKA Gadget Secure"}, {"company": "Siyaram Brothers-SSK Accessories"}], "_designation": "Director at Siyaram Sales Private Limited, Visionary, Hardworking and a constant Dreamer."}, {"_rollNo": "080911156", "_location": "Udipi Area, India", "_industry": "", "_profileLink": "https://www.linkedin.com/in/anshul-bery-0a504220", "_name": "Anshul Bery", "_eduList": [{"_date": "2008 - 2012", "_instituteName": "Manipal Institute of Technology"}], "_designation": "Student at Manipal Institute of Technology"}, {"_rollNo": "080911180", "_location": "Dehradun, Uttarakhand, India", "_industry": "Consumer Services", "_profileLink": "https://www.linkedin.com/in/ritika-aggarwal-192a7a17", "_name": "Ritika Aggarwal", "_eduList": [{"_major": "Information Technology", "_degree": "Engineer\u2019s Degree, ", "_date": "2008 - 2012", "_instituteName": "Manipal Institute of Technology"}, {"_date": "1994 - 2008", "_instituteName": "Shiwalik International School"}], "_designation": "Operations Manager at Indiamart Intermesh Limited"}, {"_rollNo": "080911188", "_location": "Ahmedabad Area, India", "_industry": "Higher Education", "_profileLink": "https://www.linkedin.com/in/parth-patel-098b2743", "_name": "Parth Patel", "_eduList": [], "_designation": "student at Manipal Institute of Technology"}, {"_rollNo": "080911210", "_location": "San Francisco Bay Area", "_industry": "Computer Software", "_profileLink": "https://www.linkedin.com/in/abhishekshukla90", "_name": "Abhishek Shukla", "_eduList": [{"_major": "eBusiness Technology", "_degree": "Master of Science (MS) in Information technology, ", "_date": "2014 - 2015", "_instituteName": "Carnegie Mellon University"}, {"_major": "Information Technology", "_degree": "Bachelor of Engineering (BE), ", "_date": "2008 - 2012", "_instituteName": "Manipal Institute of Technology"}], "_designation": "Associate Member of Technical Staff at Salesforce"}, {"_rollNo": "080911230", "_location": "Los Angeles, California", "_industry": "Computer & Network Security", "_profileLink": "https://www.linkedin.com/in/pranavsharma21", "_name": "Pranav Sharma", "_eduList": [{"_major": "Cyber Security", "_degree": "Master\u2019s Degree, ", "_date": "2015 - 2017", "_instituteName": "University of Southern California"}, {"_major": "Information Technology", "_degree": "Bachelor of Engineering (B.E.), ", "_date": "2008 - 2012", "_instituteName": "Manipal Institute of Technology"}], "_company": [{"company": "University of Southern California"}], "_designation": "Student at University of Southern California"}, {"_rollNo": "080911246", "_location": "Mumbai, Maharashtra, India", "_industry": "Oil & Energy", "_profileLink": "https://www.linkedin.com/in/aakash29", "_name": "Aakash Singh", "_eduList": [{"_major": "Mechanical Engineering", "_degree": "Bachelor of Engineering (B.E.), ", "_date": "2008 - 2012", "_instituteName": "Manipal Institute of Technology"}, {"_date": "2003 - 2008", "_instituteName": "Delhi Public School Dwarka"}, {"_date": "2001 - 2003", "_instituteName": "Delhi Public School Noida"}], "_designation": "Senior Project Engineer at L&T Hydrocarbon Engineering Limited"}, {"_rollNo": "080911256", "_location": "Jabalpur, Madhya Pradesh, India", "_industry": "Semiconductors", "_profileLink": "https://www.linkedin.com/in/harshit-gupta-358a6792", "_name": "Harshit Gupta", "_eduList": [{"_major": "Digital Electronics and Advanced Communication", "_degree": "Master\u2019s Degree, ", "_date": "2014 - 2016", "_instituteName": "Manipal Institute of Technology"}, {"_major": "Electronics And Telecommunication Engineering", "_degree": "Engineer\u2019s Degree, ", "_date": "2009 - 2013", "_instituteName": "Shri Shankaracharya College Of Engineering.& Technology Bhilai C.G"}, {"_major": "Physics, Chemistry & Mathematics", "_degree": "High School, ", "_date": "1998 - 2009", "_instituteName": "Kendriya Vidyalaya"}], "_company": [{"company": "STMicroelectronics"}], "_designation": "Analog Validation Intern at STMicroelectronics"}, {"_rollNo": "080911258"}, {"_rollNo": "080911260", "_location": "Bengaluru, Karnataka, India", "_industry": "Computer Software", "_profileLink": "https://www.linkedin.com/in/akashbudhia", "_name": "Akash Budhia", "_eduList": [{"_major": "Information Technology", "_degree": "Bachelor of Engineering (BE), ", "_date": "2008 - 2012", "_instituteName": "Manipal Institute of Technology"}], "_company": [{"company": "CronJ IT Technologies Private Limited"}], "_designation": "Co-Founder at CronJ IT Technologies Pvt. Ltd."}, {"_rollNo": "080911310", "_location": "Bengaluru, Karnataka, India", "_industry": "Information Technology and Services", "_profileLink": "https://www.linkedin.com/in/aayush-kumar-49a8685b", "_name": "aayush kumar", "_eduList": [{"_major": "Information Technology", "_degree": "Bachelor of Engineering (BE), ", "_date": "2008 - 2012", "_instituteName": "Manipal Institute of Technology"}, {"_major": "Science", "_degree": "12th, ", "_date": "2005 - 2007", "_instituteName": "central academy , kota"}, {"_degree": "10th", "_date": "1998 - 2005", "_instituteName": "Delhi Public School, Patna"}], "_company": [{"company": "MaaS360 by Fiberlink"}, {"company": "an IBM company"}], "_designation": "Senior Software Test Engineer at Fiberlink"}, {"_rollNo": "080911330", "_location": "Bengaluru, Karnataka, India", "_industry": "", "_profileLink": "https://www.linkedin.com/in/nadia-antony-64512652", "_name": "Nadia Antony", "_eduList": [{"_major": "Enterprise Business Analytics", "_degree": "Master's Degree, ", "_date": "2015 - 2016", "_instituteName": "National University of Singapore"}, {"_major": "Information and Communication Technology", "_degree": "Bachelor's Degree, ", "_date": "2008 - 2012", "_instituteName": "Manipal Institute of Technology"}, {"_date": "", "_instituteName": "Bishop Cotton Girls' Bangalore"}], "_company": [{"company": "HP"}], "_designation": "Graduate Student at National University of Singapore"}, {"_rollNo": "080911346", "_location": "Brooklyn, New York", "_industry": "Computer Software", "_profileLink": "https://www.linkedin.com/in/deepakatal", "_name": "Deepak Atal", "_eduList": [{"_major": "Computer Science", "_degree": "Master\u2019s Degree, ", "_date": "2015 - 2017", "_instituteName": "New York University"}, {"_major": "Information and Communication Technology", "_degree": "B.E., ", "_date": "2008 - 2012", "_instituteName": "Manipal Institute of Technology"}, {"_major": "Physics, Chemistry, Maths and Computer Science", "_degree": "High School, ", "_date": "1995 - 2007", "_instituteName": "DPPS"}], "_company": [{"company": "Ecogy Solar"}], "_designation": "Computer Science Graduate Student at New York University"}, {"_rollNo": "080911382", "_location": "Mumbai, Maharashtra, India", "_industry": "Information Technology and Services", "_profileLink": "https://www.linkedin.com/in/sumeet-gupta-4568a835", "_name": "Sumeet Gupta", "_eduList": [{"_major": "Information and Communication Technology", "_degree": "B.E, ", "_date": "2008 - 2012", "_instituteName": "Manipal Institute of Technology"}, {"_major": "CBSE", "_degree": "Higher secondary School, ", "_date": "1997 - 2007", "_instituteName": "St.Thomas Central School, Trivandrum"}, {"_major": "CBSE", "_degree": "School, ", "_date": "1996 - 1997", "_instituteName": "St.Mary's Residential Central School,Trivandrum"}, {"_major": "Kindergarten", "_degree": "Pre primary schol, ", "_date": "1994 - 1995", "_instituteName": "R.N Shah School, Mumbai"}], "_company": [{"company": "Atos"}], "_designation": "SAP ABAP Consultant at Atos"}, {"_rollNo": "080911400", "_location": "Mumbai, Maharashtra, India", "_industry": "Information Technology and Services", "_profileLink": "https://www.linkedin.com/in/niharika-misra-40557736", "_name": "Niharika Misra", "_eduList": [{"_major": "Business Management", "_degree": "Master of Business Administration (MBA), ", "_date": "2015 - 2017", "_instituteName": "XLRI Jamshedpur"}, {"_major": "Information And Communication Technology(I&CT)", "_degree": "Bachelor of Engineering (BE), ", "_date": "2008 - 2012", "_instituteName": "Manipal Institute of Technology"}, {"_date": "2006 - 2008", "_instituteName": "R.N. Podar School"}], "_designation": "Studying at XLRI Jamshedpur"}, {"_rollNo": "080911043", "_location": "Coventry, United Kingdom", "_industry": "Management Consulting", "_profileLink": "https://www.linkedin.com/in/rachit-gupta-12121023", "_name": "Rachit Gupta", "_eduList": [{"_major": "Marketing & Strategy", "_degree": "Master's degree, ", "_date": "2015 - 2016", "_instituteName": "University of Warwick - Warwick Business School"}, {"_major": "Information & Communication Technology", "_degree": "BE, ", "_date": "2008 - 2012", "_instituteName": "Manipal Institute of Technology"}, {"_date": "1994 - 2008", "_instituteName": "Modern School"}], "_designation": "Graduate Student at Warwick Business School"}, {"_rollNo": "080911262", "_location": "Allahabad Area, India", "_industry": "Computer Software", "_profileLink": "https://www.linkedin.com/in/radhika-sachdeva-3002042b", "_name": "Radhika Sachdeva", "_eduList": [{"_major": "Computer Science", "_degree": "Master's degree, ", "_date": "2015 - 2016", "_instituteName": "The University of Edinburgh"}, {"_major": "Information and Communication Technoloy", "_degree": "BE, ", "_date": "2008 - 2012", "_instituteName": "Manipal Institute of Technology"}, {"_degree": "ISC", "_date": "1996 - 2008", "_instituteName": "St. Mary's Convent"}], "_designation": "Software Engineer at Microsoft"}, {"_rollNo": "080911418", "_location": "Udipi Area, India", "_industry": "Information Technology and Services", "_profileLink": "https://www.linkedin.com/in/ankit-thakur-71a83b24", "_name": "Ankit Thakur", "_eduList": [{"_major": "Information Technology", "_degree": "BE, ", "_date": "2008 - 2013", "_instituteName": "Manipal Institute of Technology"}], "_designation": "IT Analyst at Dell"}, {"_rollNo": "080911432", "_location": "Hyderabad Area, India", "_industry": "Internet", "_profileLink": "https://www.linkedin.com/in/sdutta1", "_name": "Saurav Dutta", "_eduList": [{"_major": "General, Analytics(Major), Marketing(Minor)", "_degree": "PGDM, ", "_date": "2014 - 2016", "_instituteName": "Institute of Management Technology, HYDERABAD"}, {"_major": "Advanced Computing", "_degree": "PGD, ", "_date": "2012 - 2013", "_instituteName": "C-DAC (Centre for Development of Advanced Computing)"}, {"_major": "Information Technology", "_degree": "Bachelor of Engineering (BE), ", "_date": "2008 - 2012", "_instituteName": "Manipal Institute of Technology"}, {"_major": "PCM", "_degree": "12th (CBSE), ", "_date": "2006 - 2008", "_instituteName": "P.A.S"}, {"_degree": "10th (ICSE)", "_date": "1994 - 2006", "_instituteName": "De Nobili"}], "_designation": "BE | PGDM | Data Science | Analytics | Pricing| Ecommerce | MarTech"}, {"_rollNo": "080911440"}, {"_rollNo": "080911442", "_location": "Bengaluru, Karnataka, India", "_industry": "Computer & Network Security", "_profileLink": "https://www.linkedin.com/in/tpratap", "_name": "Tanay Pratap", "_eduList": [{"_major": "Information Technology", "_degree": "Bachelor of Engineering (B.E.), ", "_date": "2008 - 2012", "_instituteName": "Manipal Institute of Technology"}, {"_major": "Mathematics and Computer Science", "_date": "2006 - 2008", "_instituteName": "Chinmaya Vidyalaya, Bokaro"}], "_designation": "Software Engineer II at Cisco"}, {"_rollNo": "070911164"}, {"_rollNo": "080911444", "_location": "Singapore", "_industry": "Computer Software", "_profileLink": "https://www.linkedin.com/in/naveen13", "_name": "Naveen Kumar", "_eduList": [{"_major": "Information Technology", "_degree": "BE, ", "_date": "2008 - 2011", "_instituteName": "Manipal Institute of Technology"}, {"_date": "2011 - 2011", "_instituteName": "ComPro Information Technologies Corporation"}, {"_major": "Information Technology", "_degree": "Bachelor of Engineering (B.E.), ", "_date": "2008 - 2012", "_instituteName": "Manipal Institute of Technology"}, {"_date": "2002 - 2003", "_instituteName": "Seventh"}, {"_major": "Computer Science", "_degree": "10th, ", "_date": "2000 - 2006", "_instituteName": "Don Bosco Academy, Patna"}], "_company": [{"company": "Hewlett-Packard"}], "_designation": "Software Designer V, Specialist"}, {"_rollNo": "070911017", "_location": "New Delhi Area, India", "_industry": "Research", "_profileLink": "https://www.linkedin.com/in/mehul-rastogi-5411b940", "_name": "Mehul Rastogi", "_eduList": [{"_major": "Marketing and International Business", "_degree": "Master of Business Administration (M.B.A.), ", "_date": "2013 - 2015", "_instituteName": "New Delhi Institute Of Management"}, {"_major": "Information Technology", "_degree": "Bachelor of Technology (B.Tech.), ", "_date": "2008 - 2012", "_instituteName": "Manipal Institute of Technology"}], "_designation": "Research Associate at Greyhound Research"}, {"_rollNo": "080911003", "_location": "Mumbai Area, India", "_industry": "Information Technology and Services", "_profileLink": "https://www.linkedin.com/in/anuska-varma-49524426", "_name": "Anuska Varma", "_eduList": [{"_major": "Information Technology", "_degree": "Bachelor of Engineering (BE), ", "_date": "2008 - 2012", "_instituteName": "Manipal Institute of Technology"}], "_designation": "System Engineer at Infosys"}, {"_rollNo": "080911007", "_location": "United Arab Emirates", "_industry": "Information Technology and Services", "_profileLink": "https://www.linkedin.com/in/salahuddin-sheik-77210834", "_name": "Salahuddin Sheik", "_eduList": [{"_major": "Information Technology", "_degree": "Bachelor's degree, ", "_date": "2008 - 2012", "_instituteName": "Manipal Institute of Technology"}, {"_date": "2006 - 2008", "_instituteName": "The Millennium School, Dubai, UAE"}, {"_date": "1996 - 2006", "_instituteName": "Our Own English High School, Dubai, UAE"}], "_company": [{"company": "Focus Softnet"}], "_designation": "Business Analyst at Focus Softnet"}, {"_rollNo": "080911012", "_location": "Mumbai, Maharashtra, India", "_industry": "Marketing and Advertising", "_profileLink": "https://www.linkedin.com/in/mayank-kumar-9b730423", "_name": "Mayank Kumar", "_eduList": [{"_major": "Sales, Marketing and Business Development", "_degree": "PGDM, ", "_date": "2013 - 2015", "_instituteName": "Institute of Management Technology, Ghaziabad"}, {"_major": "Information and Communication Technology", "_degree": "Bachelor of Engineering (BE), ", "_date": "2008 - 2013", "_instituteName": "Manipal Institute of Technology"}, {"_major": "Science with Economics", "_degree": "SSC, HSC, ", "_date": "2000 - 2008", "_instituteName": "Ryan International School, Noida"}], "_company": [{"company": "Madison World"}], "_designation": "Digital Media Planner at Madison World"}, {"_rollNo": "080911025", "_location": "Faridabad, Haryana, India", "_industry": "Marketing and Advertising", "_profileLink": "https://www.linkedin.com/in/amshakalra", "_name": "Amsha Kalra", "_eduList": [{"_major": "Building Design", "_degree": "Diploma in Building Design, ", "_date": "2013 - 2013", "_instituteName": "Cadd Centre"}, {"_major": "Information Technology and Communication", "_degree": "Bachelor of Engineering (BE), ", "_date": "2008 - 2012", "_instituteName": "Manipal Institute of Technology"}, {"_date": "2001 - 2008", "_instituteName": "Delhi Public School - Faridabad"}], "_designation": "Experience Designer at Wieden + Kennedy"}, {"_rollNo": "080911077", "_location": "", "_industry": "", "_profileLink": "https://in.linkedin.com/in/reva-tiwari-49b6b524", "_name": "", "_eduList": [], "_designation": ""}, {"_rollNo": "080911083", "_location": "New Delhi Area, India", "_industry": "Management Consulting", "_profileLink": "https://www.linkedin.com/in/kanikaahuja27", "_name": "Kanika Ahuja", "_eduList": [{"_major": "Global Business Operations", "_degree": "Master of Business Administration (MBA), ", "_date": "2013 - 2015", "_instituteName": "Shri Ram College of Commerce"}, {"_major": "Information Technology and Communication", "_degree": "Bachelor of Engineering (BE), ", "_date": "2008 - 2012", "_instituteName": "Manipal Institute of Technology"}, {"_date": "1994 - 2008", "_instituteName": "Delhi Public School-Mathura Road"}], "_designation": "Director at Conserve India & Conserve HRP"}, {"_rollNo": "080911168", "_location": "Bloomington, Indiana", "_industry": "Computer Software", "_profileLink": "https://www.linkedin.com/in/satwik-narlanka-294a91ab", "_name": "Satwik Narlanka", "_eduList": [{"_major": "Computer Science", "_degree": "Master's degree, ", "_date": "2014 - 2015", "_instituteName": "Indiana University Bloomington"}, {"_major": "Information Technology", "_degree": "Bachelor's degree, ", "_date": "2008 - 2012", "_instituteName": "Manipal Institute of Technology"}], "_designation": "Database Developer at Indiana University Bloomington"}, {"_rollNo": "080911182", "_location": "Bengaluru Area, India", "_industry": "Information Services", "_profileLink": "https://www.linkedin.com/in/vkaegis", "_name": "Vineet Kumar", "_eduList": [{"_major": "Information and Communication Technology; I&CT", "_degree": "Bachelor of Engineering; BE, ", "_date": "2008 - 2012", "_instituteName": "Manipal Institute of Technology"}], "_designation": "Product Designer at Postman (API Tools)"}, {"_rollNo": "080911244"}, {"_rollNo": "080911308", "_location": "College Park, Maryland", "_industry": "Information Technology and Services", "_profileLink": "https://www.linkedin.com/in/shantanu-mishra-86979138", "_name": "Shantanu Mishra", "_eduList": [{"_major": "Information Technology", "_degree": "Bachelor of Engineering (B.E.), ", "_date": "2008 - 2012", "_instituteName": "Manipal Institute of Technology"}, {"_major": "Management Information Systems", "_degree": "Master of Science (M.S.), ", "_date": "2015", "_instituteName": "University of Maryland - Robert H. Smith School of Business"}], "_company": [{"company": "Maryland Population Research Center"}], "_designation": "Cybersecurity Enthusiast"}, {"_rollNo": "080911318", "_location": "Kolkata Area, India", "_industry": "Information Technology and Services", "_profileLink": "https://www.linkedin.com/in/rishabh-kulshreshtha-6794625b", "_name": "Rishabh Kulshreshtha", "_eduList": [{"_major": "Information & Communication Technology", "_degree": "Bachelor\u2019s Degree, ", "_date": "2008 - 2012", "_instituteName": "Manipal Institute of Technology"}, {"_major": "Information Technology", "_degree": "Engineer\u2019s Degree, ", "_date": "2008 - 2012", "_instituteName": "Manipal Institute of Technology"}], "_company": [{"company": "HCL Technologies"}], "_designation": "Software Engineer at HCL Technologies"}, {"_rollNo": "080911338", "_location": "Bengaluru, Karnataka, India", "_industry": "Information Technology and Services", "_profileLink": "https://www.linkedin.com/in/rajpalsaurabh", "_name": "Saurabh Rajpal", "_eduList": [{"_major": "Information Technology", "_degree": "Bachelor of Engineering (B.E.), ", "_date": "2008 - 2012", "_instituteName": "Manipal Institute of Technology"}, {"_major": "Non-Medical", "_degree": "Senior Secondary, ", "_date": "2006 - 2008", "_instituteName": "Modern School Barakhamba Road"}], "_company": [{"company": "Cisco"}], "_designation": "Engineer.II.IT Engineering at Cisco Systems"}, {"_rollNo": "080911356"}, {"_rollNo": "080911360", "_location": "Brooklyn, New York", "_industry": "Information Technology and Services", "_profileLink": "https://www.linkedin.com/in/sahil-singh-54b49327", "_name": "SAHIL SINGH", "_eduList": [{"_major": "Management of Technology", "_degree": "Master's degree, ", "_date": "2015 - 2017", "_instituteName": "New York University"}, {"_major": "Information Technology", "_degree": "Bachelor of Engineering (B.E.), ", "_date": "2008 - 2012", "_instituteName": "Manipal Institute of Technology"}], "_designation": "Graduate Student at New York University | MS in Management of Technology"}, {"_rollNo": "080911362", "_location": "Ghaziabad, Uttar Pradesh, India", "_industry": "Marketing and Advertising", "_profileLink": "https://www.linkedin.com/in/vikassharma1362", "_name": "Vikas Sharma", "_eduList": [{"_major": "Marketing", "_degree": "PGDM, ", "_date": "2015 - 2017", "_instituteName": "Institute of Management Technology, Ghaziabad"}, {"_major": "Information Technology", "_degree": "Bachelor of Engineering (BE), ", "_date": "2008 - 2012", "_instituteName": "Manipal Institute of Technology"}], "_designation": "Member, Media Relations & Ranking Committee, IMT Ghaziabad | Student at Institute of Management Technology"}, {"_rollNo": "080911386", "_location": "India", "_industry": "Information Technology and Services", "_profileLink": "https://www.linkedin.com/in/vikramsanthalia", "_name": "Vikram Santhalia", "_eduList": [{"_major": "Information and Communication Technology", "_degree": "B.E, ", "_date": "2008 - 2012", "_instituteName": "Manipal Institute of Technology"}, {"_degree": "SSC", "_date": "", "_instituteName": "Christ Church High School, Patna"}], "_designation": "User Interface Developer at Flipkart"}, {"_rollNo": "080911402", "_location": "Gurgaon, Haryana, India", "_industry": "Information Technology and Services", "_profileLink": "https://www.linkedin.com/in/ashray-dhamija-834a3448", "_name": "Ashray Dhamija", "_eduList": [{"_major": "Information and Communication Technology", "_degree": "Bachelor of Engineering (B.E.), ", "_date": "2008 - 2012", "_instituteName": "Manipal Institute of Technology"}, {"_major": "Information Technology and Communication", "_degree": "Bachelor of Engineering (B.E.), ", "_date": "2008 - 2012", "_instituteName": "Manipal Institute of Technology"}], "_designation": "Senior Analyst at Encore Capital Group"}, {"_rollNo": "080911410", "_location": "Pune Area, India", "_industry": "Information Technology and Services", "_profileLink": "https://www.linkedin.com/in/pavan-amarnani-29b3334b", "_name": "Pavan Amarnani", "_eduList": [{"_major": "Information Technology", "_degree": "Bachelor of Engineering (BEng), ", "_date": "2008 - 2012", "_instituteName": "Manipal Institute of Technology"}], "_company": [{"company": "Tata Technologies"}], "_designation": "Senior consultant at Tata Technologies"}, {"_rollNo": "080911420", "_location": "Udipi Area, India", "_industry": "Information Technology and Services", "_profileLink": "https://www.linkedin.com/in/kumar-shaswat-7692b616", "_name": "KUMAR SHASWAT", "_eduList": [{"_date": "2008 - 2012", "_instituteName": "Manipal Institute of Technology"}], "_designation": "Student at Manipal Institute of Technology"}, {"_rollNo": "080911426", "_location": "Pune, Maharashtra, India", "_industry": "Real Estate", "_profileLink": "https://www.linkedin.com/in/nikhil-mawandia-b6205820", "_name": "Nikhil Mawandia", "_eduList": [{"_major": "Information Technology", "_degree": "Bachelor of Engineering (BE), ", "_date": "2008 - 2012", "_instituteName": "Manipal Institute of Technology"}, {"_major": "science", "_degree": "higher education, ", "_date": "2006 - 2008", "_instituteName": "Central academy,kota"}], "_designation": "System Engineer at Infosys"}, {"_rollNo": "080911430", "_location": "Bloomington, Indiana Area", "_industry": "Computer Software", "_profileLink": "https://www.linkedin.com/in/amritanshujoshi", "_name": "Amritanshu Joshi", "_eduList": [{"_major": "Computer Science", "_degree": "Master of Science (M.S.), ", "_date": "2014 - 2016", "_instituteName": "Indiana University Bloomington"}, {"_major": "Information Technology", "_degree": "Bachelor of Engineering (B.E.), ", "_date": "2008 - 2012", "_instituteName": "Manipal Institute of Technology"}], "_company": [{"company": "Indiana University Bloomington"}], "_designation": "Actively Seeking Full-Time Opportunities - May '16 | Graduate Student at Indiana University, Bloomington"}, {"_rollNo": "080911434"}, {"_rollNo": "080911446"}, {"_rollNo": "070911204"}, {"_rollNo": "070911206", "_location": "Udupi, Karnataka, India", "_industry": "", "_profileLink": "https://www.linkedin.com/in/tarannum-fatima-56a14646", "_name": "Tarannum Fatima", "_eduList": [{"_date": "2008 - 2012", "_instituteName": "Manipal Institute of Technology"}], "_designation": "Student at Manipal Institute of Technology"}, {"_rollNo": "080911001", "_location": "London, United Kingdom", "_industry": "Telecommunications", "_profileLink": "https://www.linkedin.com/in/bulbulbehl", "_name": "Bulbul Behl", "_eduList": [{"_major": "Marketing Management", "_degree": "Master of Science (MSc), ", "_date": "2013 - 2014", "_instituteName": "Aston University"}, {"_major": "Information Technology", "_degree": "Bachelor of Engineering (B.E), ", "_date": "2008 - 2012", "_instituteName": "Manipal Institute of Technology"}, {"_major": "Science", "_degree": "Cambridge Advanced Level (A level), ", "_date": "", "_instituteName": "St. Stithians College, South Africa"}], "_designation": "Service Delivery Graduate at Openreach"}, {"_rollNo": "080911037", "_location": "Chandigarh Area, India", "_industry": "Education Management", "_profileLink": "https://www.linkedin.com/in/bishas-kaur-59646827", "_name": "Bishas kaur", "_eduList": [{"_major": "Information Technology", "_degree": "Bachelor of Engineering (BE), ", "_date": "2008 - 2012", "_instituteName": "Manipal Institute of Technology"}, {"_date": "2001 - 2008", "_instituteName": "Vivek High School"}], "_designation": "Program Manager at FuturEd"}, {"_rollNo": "080911080"}, {"_rollNo": "080911081", "_location": "Uppsala, Sweden", "_industry": "Information Technology and Services", "_profileLink": "https://www.linkedin.com/in/akashshrivastava", "_name": "Akash Shrivastava", "_eduList": [{"_major": "Information Systems", "_degree": "Master's degree, ", "_date": "2013 - 2015", "_instituteName": "Uppsala University"}, {"_major": "Information and Communication technology", "_degree": "Bachelors of Engineering, ", "_date": "2008 - 2012", "_instituteName": "Manipal Institute of Technology"}], "_company": [{"company": "Klara s\u00f6dra gymnasium"}], "_designation": "Graduate Student at Uppsala University"}, {"_rollNo": "080911087", "_location": "South Delhi, Delhi, India", "_industry": "Information Technology and Services", "_profileLink": "https://www.linkedin.com/in/navkiran-singh-0015aa84", "_name": "Navkiran Singh", "_eduList": [{"_major": "Information Technology", "_degree": "Bachelor of Engineering (BEng), ", "_date": "2008 - 2012", "_instituteName": "Manipal Institute of Technology"}, {"_date": "", "_instituteName": "Spring dales"}], "_designation": "Developer at Tata Consultancy Services"}, {"_rollNo": "080911089", "_location": "Kolkata, West Bengal, India", "_industry": "Higher Education", "_profileLink": "https://www.linkedin.com/in/prateekgupta22", "_name": "Prateek Gupta", "_eduList": [{"_major": "International Business", "_degree": "Master of Business Administration (MBA), ", "_date": "2015 - 2017", "_instituteName": "Indian Institute of Foreign Trade"}, {"_major": "Information Technology", "_degree": "Bachelor of Engineering (B.E.), ", "_date": "2008 - 2012", "_instituteName": "Manipal Institute of Technology"}], "_designation": "Coordinator, Corporate Relations and Placements at Indian Institute of Foreign Trade"}, {"_rollNo": "080911091", "_location": "Mumbai, Maharashtra, India", "_industry": "Financial Services", "_profileLink": "https://www.linkedin.com/in/gaurav-krishnan-8b6a8865", "_name": "Gaurav Krishnan", "_eduList": [{"_major": "Information Technology", "_degree": "Bachelor of Engineering (BE), ", "_date": "2008 - 2012", "_instituteName": "Manipal Institute of Technology"}, {"_date": "", "_instituteName": "Jai Hind College"}, {"_date": "", "_instituteName": "St.Mary's ICSE"}], "_company": [{"company": "Chelton Ventures Pvt Ltd"}], "_designation": "Entrepreneur"}, {"_rollNo": "080911138", "_location": "Bengaluru, Karnataka, India", "_industry": "Information Technology and Services", "_profileLink": "https://www.linkedin.com/in/abhisranj", "_name": "Abhishek Ranjan", "_eduList": [{"_major": "Business Analytics & Business Intelligence", "_degree": "Post Graduate Program in Business Analytics & Business Intelligence (PGP-BABI), ", "_date": "2016 - 2017", "_instituteName": "Great Lakes Institute of Management"}, {"_major": "Information Technology", "_degree": "Bachelor of Engineering (BE), ", "_date": "2008 - 2012", "_instituteName": "Manipal Institute of Technology"}, {"_degree": "All India Senior School Certificate Examination", "_date": "2006 - 2008", "_instituteName": "Loyola High School"}, {"_degree": "Indian Certificate of Secondary Education", "_date": "2000 - 2006", "_instituteName": "Saint Xavier's High School"}], "_company": [{"company": "ShieldSquare"}], "_designation": "Data Analyst & QA | PGP-BABI '17 | CTFL"}, {"_rollNo": "080911144"}, {"_rollNo": "080911146", "_location": "Hyderabad Area, India", "_industry": "Computer Software", "_profileLink": "https://www.linkedin.com/in/viraj-raisurana-77731237", "_name": "Viraj Raisurana", "_eduList": [{"_major": "Information Technology", "_degree": "Bachelor of Engineering (B.E.), ", "_date": "2008 - 2012", "_instituteName": "Manipal Institute of Technology"}, {"_date": "1995 - 2008", "_instituteName": "Loyola School"}], "_designation": "Consultant at Unisys"}, {"_rollNo": "080911158", "_location": "Gurgaon, India", "_industry": "Information Technology and Services", "_profileLink": "https://www.linkedin.com/in/siddharth-vijay-08134289", "_name": "Siddharth Vijay", "_eduList": [{"_major": "Information Technology", "_degree": "Bachelor of Engineering (B.E.), ", "_date": "2008 - 2012", "_instituteName": "Manipal Institute of Technology"}, {"_date": "", "_instituteName": "Jaipuria Vidyalaya"}], "_designation": "Build and Release Engineer at HTC Global Services"}, {"_rollNo": "080911160", "_location": "Bengaluru, Karnataka, India", "_industry": "Computer Software", "_profileLink": "https://www.linkedin.com/in/raojaideep", "_name": "Jaideep Rao", "_eduList": [{"_major": "Information Technology", "_degree": "Bachelor of Engineering (BE), ", "_date": "2008 - 2012", "_instituteName": "Manipal Institute of Technology"}], "_company": [{"company": "SAP"}, {"company": "knowYourStar.com"}], "_designation": "Co-Founder @ KnowYourStar.com and Senior Developer @ SAP"}, {"_rollNo": "080911162", "_location": "Udupi, Karnataka, India", "_industry": "Computer Software", "_profileLink": "https://www.linkedin.com/in/anudeep-aithal-b3388839", "_name": "Anudeep Aithal", "_eduList": [{"_major": "Information and Communication Technology", "_degree": "Bachelor of Engineering, ", "_date": "", "_instituteName": "Manipal Institute of Technology"}, {"_date": "", "_instituteName": "Poornaprajna Pre-University College Udupi"}], "_designation": "Senior Developer at TEKsystems"}, {"_rollNo": "080911166", "_location": "India", "_industry": "Marketing and Advertising", "_profileLink": "https://www.linkedin.com/in/aarpit-saxena-aa29841b", "_name": "Aarpit Saxena", "_eduList": [{"_major": "Marketing/Marketing Management, General", "_degree": "PGDM (MARKETING), ", "_date": "2015 - 2017", "_instituteName": "Institute of Management Technology, Ghaziabad"}, {"_major": "Information & Technology", "_degree": "Bachelor of Engineering, ", "_date": "2008 - 2012", "_instituteName": "Manipal Institute of Technology"}, {"_date": "2002 - 2005", "_instituteName": "The Scindia School"}], "_designation": "Pursuing PGDM MARKETING at IMT Ghaziabad"}, {"_rollNo": "080911172", "_location": "Krishna, Andhra Pradesh, India", "_industry": "Information Technology and Services", "_profileLink": "https://www.linkedin.com/in/satya-prakash-peravali-b3315b63", "_name": "Satya Prakash Peravali", "_eduList": [{"_major": "Marketing/Marketing Management, General", "_degree": "Master of Business Administration (MBA), ", "_date": "2013 - 2015", "_instituteName": "Institute of Management Technology, Ghaziabad"}, {"_major": "Information Technology", "_degree": "Bachelor of Engineering (BE), ", "_date": "2008 - 2012", "_instituteName": "Manipal University"}], "_designation": "Associate Consultant at Infosys"}, {"_rollNo": "080911184", "_location": "", "_industry": "", "_profileLink": "https://www.linkedin.com/in/barkha-sengar-113b051a", "_name": "", "_eduList": [], "_designation": ""}, {"_rollNo": "080911212"}, {"_rollNo": "080911220", "_location": "Miami/Fort Lauderdale Area", "_industry": "Management Consulting", "_profileLink": "https://www.linkedin.com/in/farhanshaikh90", "_name": "Farhan Shaikh", "_eduList": [{"_degree": "Master of engineering management", "_date": "2015 - 2016", "_instituteName": "Duke University"}, {"_major": "Information Technology", "_degree": "Bachelor's degree, ", "_date": "2008 - 2012", "_instituteName": "Manipal Institute of Technology"}, {"_date": "2005 - 2007", "_instituteName": "Thakur College Of Engineering and Technology"}, {"_date": "2003 - 2005", "_instituteName": "Ryan International School"}], "_designation": "Analyst at Carnival Cruise Line"}, {"_rollNo": "080911236", "_location": "Ghaziabad, Uttar Pradesh, India", "_industry": "Human Resources", "_profileLink": "https://www.linkedin.com/in/abhaya-thapliyal-096682a0", "_name": "Abhaya Thapliyal", "_eduList": [{"_major": "Human Resources", "_degree": "PGDM, ", "_date": "2014 - 2016", "_instituteName": "Institute of Management Technology, Ghaziabad"}, {"_major": "Information Technology", "_degree": "Bachelor's Degree, ", "_date": "2008 - 2012", "_instituteName": "Manipal Institute of Technology"}, {"_date": "2005 - 2007", "_instituteName": "ITL Public School"}, {"_date": "2003 - 2005", "_instituteName": "International School of Lusaka"}], "_designation": "PGDM - Human Resources"}, {"_rollNo": "080911238", "_location": "Mohali, Punjab, India", "_industry": "Higher Education", "_profileLink": "https://www.linkedin.com/in/anubha-bhatnagar-42b32786", "_name": "Anubha Bhatnagar", "_eduList": [{"_major": "Marketing", "_degree": "Master of Business Administration (MBA), ", "_date": "2015 - 2016", "_instituteName": "Indian School of Business"}, {"_major": "Information Technology", "_degree": "Bachelor of Engineering (B.E.), ", "_date": "2008 - 2012", "_instituteName": "Manipal Institute of Technology"}, {"_major": "Science", "_degree": "High School, ", "_date": "2003 - 2008", "_instituteName": "Sanskriti School ,New Delhi"}], "_designation": "MBA Candidate at Indian School of Business"}, {"_rollNo": "080911254", "_location": "Bengaluru, Karnataka, India", "_industry": "Computer Networking", "_profileLink": "https://www.linkedin.com/in/abhishekmayank", "_name": "Mayank Abhishek", "_eduList": [{"_major": "IT", "_degree": "B.E., ", "_date": "2008 - 2012", "_instituteName": "Manipal Institute of Technology"}, {"_major": "Physics, Chemistry, Maths, English", "_degree": "12, ", "_date": "2005 - 2007", "_instituteName": "ST. DOMINIC SAVIO'S HIGH SCHOOL"}], "_designation": "Software Engineer at Cisco Systems"}, {"_rollNo": "080911286", "_location": "Udupi, Karnataka, India", "_industry": "Information Technology and Services", "_profileLink": "https://www.linkedin.com/in/shashank-ghadiyaram-a313424a", "_name": "Shashank Ghadiyaram", "_eduList": [{"_major": "Information Technology", "_degree": "Bachelor's degree, ", "_date": "2008 - 2012", "_instituteName": "Manipal Institute of Technology"}, {"_major": "Information Technology", "_degree": "Bachelor's degree, ", "_date": "2008 - 2012", "_instituteName": "Manipal Institute of Technology"}], "_company": [{"company": "Wipro"}], "_designation": "Software developer actively seeking full-time positions in Hadoop"}, {"_rollNo": "080911302", "_location": "Noida Area, India", "_industry": "Telecommunications", "_profileLink": "https://www.linkedin.com/in/utkarsh-anand-1b995a86", "_name": "Utkarsh Anand", "_eduList": [{"_major": "Information Technology", "_degree": "Bachelor of Engineering (BEng), ", "_date": "2008 - 2012", "_instituteName": "Manipal Institute of Technology"}], "_company": [{"company": "CenturyLink Technologies India Pvt. Ltd."}, {"company": "CenturyLink India"}], "_designation": "Software Engineer at CenturyLink"}, {"_rollNo": "080911314", "_location": "Bengaluru Area, India", "_industry": "Information Technology and Services", "_profileLink": "https://www.linkedin.com/in/anshulgupta0707", "_name": "Anshul Gupta", "_eduList": [{"_major": "Information Technology", "_degree": "Bachelor of Engineering (B.E.), ", "_date": "2008 - 2012", "_instituteName": "Manipal Institute of Technology"}, {"_major": "Maths + Science + Computers", "_degree": "SSC (Std XII), ", "_date": "2006 - 2007", "_instituteName": "Dr. Virendra Swarup Education Center, Kidwai Nagar"}, {"_major": "Computer + Science", "_degree": "High School (Std X), ", "_date": "2004 - 2005", "_instituteName": "Dr. Virendra Swarup Education Center, Kidwai Nagar"}, {"_date": "1993 - 2003", "_instituteName": "U.P.K.S.S.V."}], "_designation": "Business Operations Associate at ZS Associates"}, {"_rollNo": "080911332", "_location": "New Delhi Area, India", "_industry": "Information Technology and Services", "_profileLink": "https://www.linkedin.com/in/pawan-gogna-b2a0a83a", "_name": "Pawan Gogna", "_eduList": [{"_major": "Information and Communication Technology", "_degree": "Bachelor of Engineering (B.E.), ", "_date": "2008 - 2012", "_instituteName": "Manipal Institute of Technology"}], "_company": [{"company": "Amazon"}], "_designation": "Software Development Engineer at Amazon.com"}, {"_rollNo": "080911336", "_location": "Bengaluru, Karnataka, India", "_industry": "Financial Services", "_profileLink": "https://www.linkedin.com/in/kushal-mehrotra-a11a85a6", "_name": "Kushal Mehrotra", "_eduList": [{"_major": "Information Technology", "_degree": "Bachelor of Engineering (BE), ", "_date": "2008 - 2012", "_instituteName": "Manipal Institute"}], "_company": [{"company": "Tredence"}], "_designation": "Associate Manager at Tredence"}, {"_rollNo": "080911340", "_location": "", "_industry": "", "_profileLink": "https://in.linkedin.com/in/abhinav-akash-42534122", "_name": "", "_eduList": [], "_designation": ""}, {"_rollNo": "080911348", "_location": "Los Angeles, California", "_industry": "Information Technology and Services", "_profileLink": "https://www.linkedin.com/in/mohitdhwn", "_name": "Mohit Dhawan", "_eduList": [{"_major": "Computer Science", "_degree": "Master's degree, ", "_date": "2014 - 2016", "_instituteName": "University of Southern California"}, {"_major": "Information and Communication Technology", "_degree": "Bachelor of Engineering (B.E.), ", "_date": "2008 - 2012", "_instituteName": "Manipal Institute of Technology"}, {"_date": "2003 - 2007", "_instituteName": "Shiksha Bharti Public School"}], "_designation": "Actively Looking for Full Time Positions | Computer Science Masters Student at University of Southern California"}, {"_rollNo": "080911366"}, {"_rollNo": "080911368", "_location": "Mumbai Area, India", "_industry": "Information Technology and Services", "_profileLink": "https://www.linkedin.com/in/shaurya-gupta-3941742a", "_name": "Shaurya Gupta", "_eduList": [{"_major": "Information Technology", "_degree": "Bachelor of Engineering (BE), ", "_date": "2008 - 2012", "_instituteName": "Manipal Institute of Technology"}, {"_major": "Information Technology", "_date": "2008 - 2012", "_instituteName": "Manipal Institute of Technology"}], "_designation": "Systems Engineer at Tata Consultancy Services"}, {"_rollNo": "080911372"}, {"_rollNo": "080911390", "_location": "Bengaluru, Karnataka, India", "_industry": "Information Technology and Services", "_profileLink": "https://www.linkedin.com/in/aayushi-chauhan-ab649062", "_name": "Aayushi Chauhan", "_eduList": [{"_major": "Information Technology", "_degree": "Bachelor of Engineering (B.E.), ", "_date": "2008 - 2012", "_instituteName": "Manipal Institute of Technology"}], "_company": [{"company": "Samsung Electronics"}], "_designation": "Software Engineer at Samsung Electronics"}, {"_rollNo": "080911398"}, {"_rollNo": "080911408", "_location": "Bengaluru, Karnataka, India", "_industry": "Information Technology and Services", "_profileLink": "https://www.linkedin.com/in/rahul15may", "_name": "Rahul Singh", "_eduList": [{"_major": "Information Technology", "_degree": "Bachelor of Engineering (BE), ", "_date": "2008 - 2012", "_instituteName": "Manipal Institute of Technology"}, {"_date": "", "_instituteName": "Rajendra Vidyalaya"}], "_company": [{"company": "Indian Institute of Management"}, {"company": "Tiruchirappalli"}], "_designation": "Student at IIM Trichy"}, {"_rollNo": "080911414", "_location": "Kharagpur Area, India", "_industry": "Management Consulting", "_profileLink": "https://www.linkedin.com/in/supraj-iruvanti-175152a5", "_name": "Supraj Iruvanti", "_eduList": [{"_degree": "Master of Business Administration (MBA)", "_date": "2014 - 2016", "_instituteName": "Vinod Gupta School of Management, IIT Kharagpur"}, {"_major": "Information Technology", "_degree": "Bachelor of Engineering (BE), ", "_date": "2008 - 2012", "_instituteName": "Manipal Institute of Technology"}, {"_date": "", "_instituteName": "Smt Sulochanadevi Singhania School"}, {"_date": "", "_instituteName": "Smt Sulochanadevi Singhania School"}], "_designation": "Student at Vinod Gupta School of Management, IIT Kharagpur"}, {"_rollNo": "080911416", "_location": "Tampa/St. Petersburg, Florida Area", "_industry": "Information Technology and Services", "_profileLink": "https://www.linkedin.com/in/saharshkislaya", "_name": "Saharsh Kislaya", "_eduList": [{"_major": "Management Information Systems", "_degree": "Master of Science (MS), ", "_date": "2015 - 2016", "_instituteName": "University of South Florida"}, {"_major": "Information Technology", "_degree": "Bachelor of Engineering (B.E.), ", "_date": "2008 - 2012", "_instituteName": "Manipal Institute of Technology"}], "_designation": "Big Data Developer | Graduate Student at University of South Florida | MS in MIS | Graduation:August 2016"}, {"_rollNo": "080911418", "_location": "Udipi Area, India", "_industry": "Information Technology and Services", "_profileLink": "https://www.linkedin.com/in/ankit-thakur-71a83b24", "_name": "Ankit Thakur", "_eduList": [{"_major": "Information Technology", "_degree": "BE, ", "_date": "2008 - 2013", "_instituteName": "Manipal Institute of Technology"}], "_designation": "IT Analyst at Dell"}, {"_rollNo": "080911432", "_location": "Hyderabad Area, India", "_industry": "Internet", "_profileLink": "https://www.linkedin.com/in/sdutta1", "_name": "Saurav Dutta", "_eduList": [{"_major": "General, Analytics(Major), Marketing(Minor)", "_degree": "PGDM, ", "_date": "2014 - 2016", "_instituteName": "Institute of Management Technology, HYDERABAD"}, {"_major": "Advanced Computing", "_degree": "PGD, ", "_date": "2012 - 2013", "_instituteName": "C-DAC (Centre for Development of Advanced Computing)"}, {"_major": "Information Technology", "_degree": "Bachelor of Engineering (BE), ", "_date": "2008 - 2012", "_instituteName": "Manipal Institute of Technology"}, {"_major": "PCM", "_degree": "12th (CBSE), ", "_date": "2006 - 2008", "_instituteName": "P.A.S"}, {"_degree": "10th (ICSE)", "_date": "1994 - 2006", "_instituteName": "De Nobili"}], "_designation": "BE | PGDM | Data Science | Analytics | Pricing| Ecommerce | MarTech"}, {"_rollNo": "080911440"}, {"_rollNo": "080911442", "_location": "Bengaluru, Karnataka, India", "_industry": "Computer & Network Security", "_profileLink": "https://www.linkedin.com/in/tpratap", "_name": "Tanay Pratap", "_eduList": [{"_major": "Information Technology", "_degree": "Bachelor of Engineering (B.E.), ", "_date": "2008 - 2012", "_instituteName": "Manipal Institute of Technology"}, {"_major": "Mathematics and Computer Science", "_date": "2006 - 2008", "_instituteName": "Chinmaya Vidyalaya, Bokaro"}], "_designation": "Software Engineer II at Cisco"}, {"_rollNo": "070911164"}, {"_rollNo": "080911444", "_location": "Singapore", "_industry": "Computer Software", "_profileLink": "https://www.linkedin.com/in/naveen13", "_name": "Naveen Kumar", "_eduList": [{"_major": "Information Technology", "_degree": "BE, ", "_date": "2008 - 2011", "_instituteName": "Manipal Institute of Technology"}, {"_date": "2011 - 2011", "_instituteName": "ComPro Information Technologies Corporation"}, {"_major": "Information Technology", "_degree": "Bachelor of Engineering (B.E.), ", "_date": "2008 - 2012", "_instituteName": "Manipal Institute of Technology"}, {"_date": "2002 - 2003", "_instituteName": "Seventh"}, {"_major": "Computer Science", "_degree": "10th, ", "_date": "2000 - 2006", "_instituteName": "Don Bosco Academy, Patna"}], "_company": [{"company": "Hewlett-Packard"}], "_designation": "Software Designer V, Specialist"}]