[{"_rollNo": "40911039", "_location": "Brussels Area, Belgium", "_industry": "Pharmaceuticals", "_profileLink": "https://www.linkedin.com/in/vishalverma85", "_name": "Vishal Verma", "_eduList": [{"_degree": "Master of Business Administration (MBA)", "_date": "2012 - 2014", "_instituteName": "University at Buffalo/University of Ottawa/Riga Business School, Latvia"}, {"_major": "Information Technology", "_degree": "Bachelor of Engineering (B.E), ", "_date": "2004 - 2010", "_instituteName": "Manipal Institute of Technology"}, {"_major": "Six Sigma and Statistical Quality Control", "_date": "2010 - 2010", "_instituteName": "Indian Statistical Institute, New Delhi, India."}, {"_major": "Project Management", "_degree": "Project Management through Microsoft Project, ", "_date": "2010 - 2010", "_instituteName": "CADD Centre, Noida, India"}, {"_degree": "Certificate in Radio Jockeying", "_date": "2010 - 2010", "_instituteName": "YMCA, New Delhi, India"}], "_designation": "Epilepsy Portfolio Strategy & Optimisation Lead at UCB"}, {"_rollNo": "40911003", "_location": "Montreal, Quebec, Canada", "_industry": "Information Technology and Services", "_profileLink": "https://www.linkedin.com/in/lokesh-sharma-31956433", "_name": "lokesh sharma", "_eduList": [{"_major": "Bachelor Of Engineering, Information and Communication Technology", "_degree": "Bachelor's Degree, ", "_date": "2004 - 2008", "_instituteName": "Manipal Institute of Technology"}], "_company": [{"company": "Infosys"}], "_designation": "SAP HR Payroll Consultant Canada (Montreal).....Open for New Opportunities"}, {"_rollNo": "40911033", "_location": "Pune, Maharashtra, India", "_industry": "Banking", "_profileLink": "https://www.linkedin.com/in/rajesh-kumar-53277039", "_name": "Rajesh Kumar", "_eduList": [{"_major": "Strategy, General Management", "_degree": "Master of Business Administration (MBA), ", "_date": "2011 - 2013", "_instituteName": "Indian Institute of Management, Shillong"}, {"_degree": "Master's Degree", "_date": "2010 - 2011", "_instituteName": "Indian Institute of Technology, Madras"}, {"_major": "Electrical & Electronics Engineering", "_degree": "B.E, ", "_date": "2004 - 2008", "_instituteName": "Manipal Institute of Technology"}, {"_date": "1996 - 2003", "_instituteName": "Sainik School Tilaiya"}], "_designation": "Senior Strategy Consultant at IBM India Private Limited"}, {"_rollNo": "40911034", "_location": "New Delhi Area, India", "_industry": "Medical Practice", "_profileLink": "https://www.linkedin.com/in/rajat-jain-91776226", "_name": "Rajat Jain", "_eduList": [{"_date": "2001 - 2007", "_instituteName": "Manipal University"}], "_designation": "Student at Manipal Academy of Higher Education"}, {"_rollNo": "40911041", "_location": "Bengaluru, Karnataka, India", "_industry": "Information Technology and Services", "_profileLink": "https://www.linkedin.com/in/madhuri-kavala-1bb91a75", "_name": "Madhuri Kavala", "_eduList": [{"_major": "Information Technology", "_degree": "Bachelor of Engineering (B.E.), ", "_date": "2004 - 2008", "_instituteName": "Manipal Institute of Technology"}], "_designation": "Software Engineer at EMC"}, {"_rollNo": "40911044", "_location": "Mumbai Area, India", "_industry": "Market Research", "_profileLink": "https://www.linkedin.com/in/harshmaskara", "_name": "Harsh Maskara", "_eduList": [{"_major": "Information Technology", "_degree": "B.E., ", "_date": "2004 - 2008", "_instituteName": "Manipal Institute of Technology"}, {"_date": "1990 - 2004", "_instituteName": "La Martiniere for Boys, Calcutta"}], "_company": [{"company": "Quantum Market Research"}], "_designation": "Research Executive"}, {"_rollNo": "40911036", "_location": "", "_industry": "", "_profileLink": "https://ae.linkedin.com/in/prempreet-singh-b5b17235", "_name": "", "_eduList": [], "_designation": ""}, {"_rollNo": "40911075", "_location": "Redmond, Washington", "_industry": "Computer Software", "_profileLink": "https://www.linkedin.com/in/ranjeetkumar27", "_name": "Ranjeet Kumar", "_eduList": [{"_major": "Computer Science", "_degree": "MS, ", "_date": "2008 - 2010", "_instituteName": "Memorial University of Newfoundland"}, {"_major": "Information & Communication Technology", "_degree": "B.E, ", "_date": "2004 - 2008", "_instituteName": "Manipal Institute of Technology"}], "_designation": "SDE at Microsoft"}, {"_rollNo": "40911028", "_location": "", "_industry": "", "_profileLink": "https://in.linkedin.com/in/akash-gyanchandani-17a6026", "_name": "", "_eduList": [], "_designation": ""}, {"_rollNo": "40911004", "_location": "", "_industry": "", "_profileLink": "https://au.linkedin.com/in/neha-malik-9b63ab12", "_name": "", "_eduList": [], "_designation": ""}, {"_rollNo": "40911040", "_location": "Toronto, Canada Area", "_industry": "Management Consulting", "_profileLink": "https://www.linkedin.com/in/vybhavsharma", "_name": "Vybhav Sharma, MBA, B.Eng", "_eduList": [{"_major": "Finance and Strategic Management", "_degree": "Master of Business Administration (MBA), ", "_date": "2013 - 2015", "_instituteName": "York University - Schulich School of Business"}, {"_major": "Information & Communication Technology", "_degree": "B.Tech, ", "_date": "2004 - 2008", "_instituteName": "Manipal Institute of Technology"}, {"_major": "Science", "_degree": "10+2, ", "_date": "2003 - 2004", "_instituteName": "Army Public School"}], "_designation": "Process Management Consultant - Strategic Initiatives at CIBC"}, {"_rollNo": "40911045", "_location": "", "_industry": "", "_profileLink": "https://in.linkedin.com/in/abhishek-negi-13679933", "_name": "", "_eduList": [], "_designation": ""}, {"_rollNo": "40911048", "_location": "", "_industry": "", "_profileLink": "https://in.linkedin.com/in/kumar-prashant-83a99921", "_name": "", "_eduList": [], "_designation": ""}, {"_rollNo": "40911049", "_location": "Greater New York City Area", "_industry": "Computer Software", "_profileLink": "https://www.linkedin.com/in/prashant-upadhyay-93104a16", "_name": "Prashant Upadhyay", "_eduList": [{"_major": "Information Technology", "_degree": "Bachelor of Engineering (B.E.), ", "_date": "", "_instituteName": "Manipal Institute of Technology"}], "_company": [{"company": "Barclays Investment Bank"}], "_designation": "Software Developer"}, {"_rollNo": "40911050", "_location": "", "_industry": "", "_profileLink": "https://in.linkedin.com/in/rohit-bansal-4b57671a", "_name": "", "_eduList": [], "_designation": ""}, {"_rollNo": "40911051", "_location": "Pune, Maharashtra, India", "_industry": "Information Technology and Services", "_profileLink": "https://www.linkedin.com/in/gaurav-varshney-b0594229", "_name": "Gaurav Varshney", "_eduList": [{"_major": "Finance", "_degree": "Master of Business Administration (M.B.A.), ", "_date": "2009 - 2010", "_instituteName": "Edith Cowan University"}, {"_major": "Information Technology", "_degree": "B.E., ", "_date": "2004 - 2008", "_instituteName": "Manipal Institute of Technology"}], "_designation": "Associate Consultant at Capgemini"}, {"_rollNo": "40911052", "_location": "Jersey City, New Jersey", "_industry": "Computer Software", "_profileLink": "https://www.linkedin.com/in/mohit-sadhu-b6908539", "_name": "Mohit Sadhu", "_eduList": [{"_degree": "Masters of Entertainment Technology", "_date": "2011 - 2013", "_instituteName": "Carnegie Mellon University, Entertainment Technology Center"}, {"_major": "Information Technology", "_degree": "B.E., ", "_date": "2004 - 2008", "_instituteName": "Manipal Institute of Technology"}, {"_date": "1992 - 2002", "_instituteName": "VBPS"}], "_designation": "iOS Developer at Fareportal"}, {"_rollNo": "40911059", "_location": "", "_industry": "", "_profileLink": "https://in.linkedin.com/in/kumar-harshit-8b778237", "_name": "", "_eduList": [], "_designation": ""}, {"_rollNo": "40911060", "_location": "", "_industry": "", "_profileLink": "https://in.linkedin.com/in/shaurya-sahay-40983b6", "_name": "", "_eduList": [], "_designation": ""}, {"_rollNo": "40911061", "_location": "Seattle, Washington", "_industry": "Retail", "_profileLink": "https://www.linkedin.com/in/shaillytrivedi", "_name": "Shailly Trivedi", "_eduList": [{"_major": "Process & Operational Excellence", "_degree": "MBA, ", "_date": "2010 - 2012", "_instituteName": "University of Iowa"}, {"_major": "Information Technology", "_degree": "BE, ", "_date": "2004 - 2008", "_instituteName": "Manipal Institute of Technology"}], "_company": [{"company": "Amazon"}], "_designation": "Product Manager, Delivery & Customer Experience, Prime Pantry"}, {"_rollNo": "40911063", "_location": "Raleigh-Durham, North Carolina Area", "_industry": "Information Technology and Services", "_profileLink": "https://www.linkedin.com/in/ravikashyap1", "_name": "Ravi Kashyap", "_eduList": [{"_degree": "Master of Business Administration (MBA)", "_date": "2014 - 2016", "_instituteName": "University of North Carolina at Chapel Hill - Kenan-Flagler Business School"}, {"_major": "Information Technology", "_degree": "Bachelor of Engineering (B.E.), ", "_date": "2004 - 2008", "_instituteName": "Manipal Institute of Technology"}], "_company": [{"company": "Freudenberg IT LP"}], "_designation": "SAP Principal | MBA Candidate | Technology Enthusiast"}, {"_rollNo": "40911066", "_location": "San Francisco Bay Area", "_industry": "Management Consulting", "_profileLink": "https://www.linkedin.com/in/abhay-khera-1302969", "_name": "Abhay Khera", "_eduList": [{"_degree": "Master's Degree", "_date": "2011 - 2013", "_instituteName": "Indiana University - Kelley School of Business"}, {"_major": "Business Fundamentals For IT Professionals", "_degree": "Management Development Program, ", "_date": "2011 - 2011", "_instituteName": "Indian Institute of Management, Lucknow"}, {"_major": "Information Technology", "_degree": "Bachelor of Engineering, ", "_date": "2004 - 2008", "_instituteName": "Manipal Institute of Technology"}, {"_date": "1992 - 2004", "_instituteName": "St. Francis De Sales School, New Delhi"}], "_company": [{"company": "EY"}], "_designation": "Senior at EY, Advisory Services - Performance Improvement"}, {"_rollNo": "40911069", "_location": "", "_industry": "", "_profileLink": "https://in.linkedin.com/in/prasoon-kumar-bba3a214", "_name": "", "_eduList": [], "_designation": ""}, {"_rollNo": "40911071", "_location": "Gurgaon, Haryana, India", "_industry": "Information Technology and Services", "_profileLink": "https://www.linkedin.com/in/taranbindra", "_name": "Tarandeep Bindra", "_eduList": [{"_major": "I.T", "_degree": "B.E, ", "_date": "2004 - 2008", "_instituteName": "Manipal Institute of Technology"}, {"_date": "1992 - 2004", "_instituteName": "Mira Model Sr. Sec. School"}], "_designation": "Manager at EY"}, {"_rollNo": "40911072", "_location": "Greater New York City Area", "_industry": "Information Technology and Services", "_profileLink": "https://www.linkedin.com/in/aarti-singh-32588315", "_name": "Aarti Singh", "_eduList": [{"_major": "Information Technology", "_degree": "Bachelor's Degree, ", "_date": "", "_instituteName": "Manipal Institute of Technology, Manipal University"}, {"_major": "Engineering Management", "_degree": "Master of Science, ", "_date": "", "_instituteName": "Syracuse University"}], "_company": [{"company": "EY"}], "_designation": "Senior Associate - Data Analytics, EY"}, {"_rollNo": "40911074", "_location": "Jaipur Area, India", "_industry": "Information Technology and Services", "_profileLink": "https://www.linkedin.com/in/rakesh-jhalani-47850a10", "_name": "Rakesh Jhalani", "_eduList": [{"_major": "Information Technology", "_degree": "Bechelor of Eingineering, ", "_date": "2004 - 2008", "_instituteName": "Manipal Institute of Technology"}, {"_date": "2003 - 2004", "_instituteName": "Subodh Public School, Jaipur, Rajasthan"}], "_company": [{"company": "Accenture services pvt. ltd."}], "_designation": "at Accenture"}, {"_rollNo": "40911080", "_location": "", "_industry": "", "_profileLink": "https://in.linkedin.com/in/shakti-dutta-92083b23", "_name": "", "_eduList": [], "_designation": ""}, {"_rollNo": "40911079", "_location": "", "_industry": "", "_profileLink": "https://uk.linkedin.com/in/karanraibabbar", "_name": "", "_eduList": [], "_designation": ""}, {"_rollNo": "40911078", "_location": "Charlotte, North Carolina", "_industry": "Information Technology and Services", "_profileLink": "https://www.linkedin.com/in/shettysshreya", "_name": "Shreya Shetty", "_eduList": [{"_major": "Software Systems", "_degree": "Master of Science (MS), ", "_date": "2015 - 2017", "_instituteName": "BITS Pilani"}, {"_major": "Information Technology", "_degree": "B.E, ", "_date": "2004 - 2008", "_instituteName": "Manipal Institute of Technology"}], "_company": [{"company": "Wells Fargo"}], "_designation": "Java Developer at Wells Fargo"}, {"_rollNo": "40911081", "_location": "Greater New York City Area", "_industry": "Information Technology and Services", "_profileLink": "https://www.linkedin.com/in/nishantlinkedin", "_name": "Nishant Kumar", "_eduList": [{"_major": "Management Information Systems, General", "_degree": "Graduate, ", "_date": "2014 - 2016", "_instituteName": "New York University"}, {"_major": "Management Information Systems, General", "_degree": "Master's degree, ", "_date": "2014 - 2016", "_instituteName": "New York University - Leonard N. Stern School of Business"}, {"_major": "Information Technology", "_degree": "Bachelor of Engineering, ", "_date": "2004 - 2008", "_instituteName": "Manipal Institute of Technology"}], "_designation": "Graduate Student at New York University"}, {"_rollNo": "40911082", "_location": "", "_industry": "", "_profileLink": "https://in.linkedin.com/in/sahil-mehra-30264616", "_name": "", "_eduList": [], "_designation": ""}, {"_rollNo": "40911087", "_location": "", "_industry": "", "_profileLink": "https://de.linkedin.com/in/aditya-jain-2ab31315", "_name": "", "_eduList": [], "_designation": ""}, {"_rollNo": "20911009", "_location": "", "_industry": "", "_profileLink": "https://www.linkedin.com/in/sohanchandrase", "_name": "", "_eduList": [], "_designation": ""}, {"_rollNo": "40911093", "_location": "", "_industry": "", "_profileLink": "https://in.linkedin.com/in/roshan-kumar-4255871a", "_name": "", "_eduList": [], "_designation": ""}, {"_rollNo": "40911092", "_location": "Chicago, Illinois", "_industry": "Computer Software", "_profileLink": "https://www.linkedin.com/in/amit-agarwal-1584198", "_name": "Amit Agarwal", "_eduList": [{"_major": "Information Technology", "_degree": "Bachelor of Engineering (BE), ", "_date": "2004 - 2008", "_instituteName": "Manipal Institute of Technology"}, {"_date": "2002 - 2004", "_instituteName": "2004\tTagore Academy, Jamshedpur"}], "_designation": "Senior Consultant at Deloitte U.S. India offices"}, {"_rollNo": "40911090", "_location": "Buffalo/Niagara, New York Area", "_industry": "Information Technology and Services", "_profileLink": "https://www.linkedin.com/in/sourabh-harkut-3a292934", "_name": "Sourabh Harkut", "_eduList": [{"_degree": "Six Sigma Black Belt Certification", "_date": "2013 - 2014", "_instituteName": "University at Buffalo - Technical Centre for Industrial Excellence"}, {"_major": "Information Systems and Management Consulting", "_degree": "MBA, ", "_date": "2012 - 2014", "_instituteName": "State University of New York at Buffalo"}, {"_major": "Yoga Teacher Training/Yoga Therapy", "_degree": "1 Month Teacher's Training Course, ", "_date": "2011 - 2011", "_instituteName": "Yoga Centre"}, {"_major": "Information Technology", "_degree": "Bachelor of Engineering (B.E.), ", "_date": "2004 - 2008", "_instituteName": "Manipal Institute of Technology"}], "_company": [{"company": "EY"}], "_designation": "Experienced Associate IT Risk Advisory"}, {"_rollNo": "40911091", "_location": "Krishna, Andhra Pradesh, India", "_industry": "Information Technology and Services", "_profileLink": "https://www.linkedin.com/in/satya-prakash-peravali-b3315b63", "_name": "Satya Prakash Peravali", "_eduList": [{"_major": "Marketing/Marketing Management, General", "_degree": "Master of Business Administration (MBA), ", "_date": "2013 - 2015", "_instituteName": "Institute of Management Technology, Ghaziabad"}, {"_major": "Information Technology", "_degree": "Bachelor of Engineering (BE), ", "_date": "2008 - 2012", "_instituteName": "Manipal University"}], "_designation": "Associate Consultant at Infosys"}]