[{"_rollNo": "70911002", "_location": "New York, New York", "_industry": "Financial Services", "_profileLink": "https://www.linkedin.com/in/rrs2160", "_name": "Rohan Shah", "_eduList": [{"_major": "Operations Research", "_degree": "Master's Degree, ", "_date": "2013 - 2014", "_instituteName": "Columbia University in the City of New York"}, {"_major": "Information and Communication Technology", "_degree": "Bachelor in Engineering, ", "_date": "2007 - 2011", "_instituteName": "Manipal Institute of Technology"}], "_company": [{"company": "Simon-Kucher & Partners"}], "_designation": "Banking Consultant"}, {"_rollNo": "70911013", "_location": "", "_industry": "", "_profileLink": "https://kw.linkedin.com/in/falen-castelino-a969ab28", "_name": "", "_eduList": [], "_designation": ""}, {"_rollNo": "70911021", "_location": "Santa Clara, California", "_industry": "Information Technology and Services", "_profileLink": "https://www.linkedin.com/in/ssalian", "_name": "Sudeshna Salian", "_eduList": [{"_major": "Management Information Systems, General", "_degree": "Master\u2019s Degree, ", "_date": "2014 - 2015", "_instituteName": "Santa Clara University"}, {"_major": "Information Technology", "_degree": "Bachelor\u2019s Degree, ", "_date": "2007 - 2011", "_instituteName": "Manipal Institute of Technology"}], "_designation": "Seeking Full Time/Internship role | | MIS Graduate | 3.5 years of Exp. in an IT service Industry"}, {"_rollNo": "70911037", "_location": "", "_industry": "", "_profileLink": "https://ca.linkedin.com/in/shishty-chuttani-a9586426", "_name": "", "_eduList": [], "_designation": ""}, {"_rollNo": "70911039", "_location": "New York, New York", "_industry": "Information Services", "_profileLink": "https://www.linkedin.com/in/ayushi-dhanuka-58512440", "_name": "Ayushi Dhanuka", "_eduList": [{"_major": "Management information systems", "_degree": "Masters, ", "_date": "2014 - 2015", "_instituteName": "State University of New York at Buffalo - School of Management"}, {"_major": "Information Technology", "_degree": "Bachelors of engineering, ", "_date": "2007 - 2011", "_instituteName": "Manipal institute of technology"}, {"_date": "1993 - 2007", "_instituteName": "Ryan international school"}], "_company": [{"company": "Bloomberg LP"}, {"company": "University at Buffalo"}], "_designation": "Software Developer at Bloomberg LP"}, {"_rollNo": "70911044", "_location": "", "_industry": "", "_profileLink": "https://in.linkedin.com/in/shreya-dixit-0167b549", "_name": "", "_eduList": [], "_designation": ""}, {"_rollNo": "70911046", "_location": "", "_industry": "", "_profileLink": "https://in.linkedin.com/in/sumeet-bhalla-208a251a", "_name": "", "_eduList": [], "_designation": ""}, {"_rollNo": "70911049", "_location": "", "_industry": "", "_profileLink": "https://in.linkedin.com/in/priya-aggarwal-4556391b", "_name": "", "_eduList": [], "_designation": ""}, {"_rollNo": "70911058", "_location": "", "_industry": "", "_profileLink": "https://in.linkedin.com/in/pranikak", "_name": "", "_eduList": [], "_designation": ""}, {"_rollNo": "70911092", "_location": "", "_industry": "", "_profileLink": "https://in.linkedin.com/in/utkarsh-dubey-12b97524", "_name": "", "_eduList": [], "_designation": ""}, {"_rollNo": "70911100", "_location": "", "_industry": "", "_profileLink": "https://vn.linkedin.com/in/kanika-singh-b1aa562b", "_name": "", "_eduList": [], "_designation": ""}, {"_rollNo": "70911104", "_location": "", "_industry": "", "_profileLink": "https://in.linkedin.com/in/ankurshrivastava", "_name": "", "_eduList": [], "_designation": ""}, {"_rollNo": "70911112", "_location": "", "_industry": "", "_profileLink": "https://in.linkedin.com/in/siddharth-manu-b6994115", "_name": "", "_eduList": [], "_designation": ""}, {"_rollNo": "70911116", "_location": "Greater Seattle Area", "_industry": "Internet", "_profileLink": "https://www.linkedin.com/in/karamveerc", "_name": "Karamveer Choudhary", "_eduList": [{"_major": "Computer Science", "_degree": "Master's Degree, ", "_date": "2014 - 2016", "_instituteName": "University at Buffalo"}, {"_major": "Information and Communication Technology", "_degree": "Bachelor of Engineering (BE), ", "_date": "2007 - 2011", "_instituteName": "Manipal Institute of Technology"}], "_company": [{"company": "Amazon"}, {"company": "University at Buffalo"}], "_designation": "Software Development Engineer at Amazon"}, {"_rollNo": "70911120", "_location": "", "_industry": "", "_profileLink": "https://in.linkedin.com/in/shantanuchandalia", "_name": "", "_eduList": [], "_designation": ""}, {"_rollNo": "70911124", "_location": "", "_industry": "", "_profileLink": "https://in.linkedin.com/in/abhinao-sharma-7374942a", "_name": "", "_eduList": [], "_designation": ""}, {"_rollNo": "70911130", "_location": "", "_industry": "", "_profileLink": "https://in.linkedin.com/in/rahul-krishna-upadhyaya-a0354b39", "_name": "", "_eduList": [], "_designation": ""}, {"_rollNo": "70911144", "_location": "", "_industry": "", "_profileLink": "https://in.linkedin.com/in/dhananjay-singh-77693715", "_name": "", "_eduList": [], "_designation": ""}, {"_rollNo": "70911158", "_location": "", "_industry": "", "_profileLink": "https://in.linkedin.com/in/ankit-chandra-48767517", "_name": "", "_eduList": [], "_designation": ""}, {"_rollNo": "70911160", "_location": "", "_industry": "", "_profileLink": "https://in.linkedin.com/in/dhiraj-kumar-b982451a", "_name": "", "_eduList": [], "_designation": ""}, {"_rollNo": "70911166", "_location": "Dallas, Texas", "_industry": "Information Technology and Services", "_profileLink": "https://www.linkedin.com/in/aman-mehra-3992b042", "_name": "Aman Mehra", "_eduList": [{"_major": "Information Technology", "_degree": "Bachelor of Engineering (BE), ", "_date": "2007 - 2011", "_instituteName": "Manipal Institute of Technology"}, {"_date": "1992 - 2007", "_instituteName": "D.A.V Public School, Amritsar"}], "_company": [{"company": "IBM Global Business Process Services"}, {"company": "IBM Global Business Services"}], "_designation": "Application Developer at IBM Global Business Process Services"}, {"_rollNo": "70911172", "_location": "Atlanta, Georgia", "_industry": "Computer Software", "_profileLink": "https://www.linkedin.com/in/mudit-gupta-34254b18", "_name": "Mudit Gupta", "_eduList": [{"_major": "Human Computer Interaction", "_degree": "Master's degree, ", "_date": "2012 - 2014", "_instituteName": "Georgia Institute of Technology"}, {"_major": "Information Technology", "_degree": "Bachelor of Engineering (B.E.), ", "_date": "2007 - 2011", "_instituteName": "Manipal Institute of Technology"}], "_designation": "Interactive Developer at Second Story Interactive Studios"}, {"_rollNo": "70911176", "_location": "", "_industry": "", "_profileLink": "https://in.linkedin.com/in/abhikumar777", "_name": "", "_eduList": [], "_designation": ""}, {"_rollNo": "70911180", "_location": "", "_industry": "", "_profileLink": "https://in.linkedin.com/in/nainaagarwal02", "_name": "", "_eduList": [], "_designation": ""}, {"_rollNo": "70911182", "_location": "", "_industry": "", "_profileLink": "https://in.linkedin.com/in/abhinav-jain-20219219", "_name": "", "_eduList": [], "_designation": ""}, {"_rollNo": "70911184", "_location": "", "_industry": "", "_profileLink": "https://in.linkedin.com/in/mitu-bhagat-4427a811", "_name": "", "_eduList": [], "_designation": ""}, {"_rollNo": "70911191", "_location": "", "_industry": "", "_profileLink": "https://in.linkedin.com/in/parul-luthra-73657a76", "_name": "", "_eduList": [], "_designation": ""}, {"_rollNo": "70911194", "_location": "", "_industry": "", "_profileLink": "https://in.linkedin.com/in/shambhusharan1909", "_name": "", "_eduList": [], "_designation": ""}, {"_rollNo": "70911192", "_location": "", "_industry": "", "_profileLink": "https://in.linkedin.com/in/neha-sinha-352a6828", "_name": "", "_eduList": [], "_designation": ""}, {"_rollNo": "60911005", "_location": "", "_industry": "", "_profileLink": "https://de.linkedin.com/in/arjun-sachdeva-73b75745", "_name": "", "_eduList": [], "_designation": ""}, {"_rollNo": "70911140", "_location": "San Francisco Bay Area", "_industry": "Information Technology and Services", "_profileLink": "https://www.linkedin.com/in/daveshbh?authType=NAME_SEARCH&authToken=dqWC&locale=en_US&srchid=574660601456377363176&srchindex=1&srchtotal=1&trk=vsrp_people_res_name&trkInfo=VSRPsearchId%3A574660601456377363176%2CVSRPtargetId%3A350424535%2CVSRPcmpt%3Aprimary%2CVSRPnm%3Atrue%2CauthType%3ANAME_SEARCH", "_name": "Davesh Bhambey", "_eduList": [{"_degree": "Master of Information Systems Management ", "_date": "2014 - 2015", "_instituteName": "Carnegie Mellon University"}, {"_major": "Information Technology", "_degree": "Bachelor of Engineering (BE), ", "_date": "2007 - 2011", "_instituteName": "Manipal Institute of Technology"}], "_company": [{"company": "SanDisk"}], "_designation": "Business Systems Analyst at SanDisk"}]